customer_id,transaction_count,total_spent,avg_transaction_value,total_items_purchased,first_purchase,last_purchase,days_active,customer_segment
CUST-0685,18,28790.05,1599.447222222222,108,2023-01-23 09:00:00,2023-12-29 22:00:00,340,Platinum
CUST-0956,15,26871.59,1791.4393333333333,83,2023-01-02 05:00:00,2024-02-01 05:00:00,395,Platinum
CUST-0201,15,25722.41,1714.8273333333334,97,2023-01-07 11:00:00,2023-12-05 01:00:00,331,Platinum
CUST-0450,15,25332.82,1688.8546666666666,83,2023-02-11 10:00:00,2024-02-06 11:00:00,360,Platinum
CUST-0494,16,25178.78,1573.67375,89,2023-03-17 15:00:00,2024-02-02 01:00:00,321,Platinum
CUST-0118,16,24976.47,1561.029375,95,2023-01-26 22:00:00,2024-02-07 21:00:00,376,Platinum
CUST-0273,19,24879.71,1309.4584210526316,102,2023-02-02 07:00:00,2024-02-06 15:00:00,369,Platinum
CUST-0915,18,24871.74,1381.7633333333333,97,2023-02-02 22:00:00,2024-02-21 07:00:00,383,Platinum
CUST-0012,18,24354.27,1353.015,88,2023-01-30 20:00:00,2024-02-15 02:00:00,380,Platinum
CUST-0073,19,23920.26,1258.961052631579,96,2023-02-19 13:00:00,2024-02-05 00:00:00,350,Platinum
CUST-0726,22,23558.11,1070.8231818181819,96,2023-01-08 01:00:00,2024-01-20 08:00:00,377,Platinum
CUST-0831,14,23537.89,1681.277857142857,84,2023-01-26 00:00:00,2024-02-06 20:00:00,376,Platinum
CUST-0670,16,23492.14,1468.25875,91,2023-01-19 06:00:00,2024-02-01 01:00:00,377,Platinum
CUST-0195,14,23456.93,1675.4950000000001,79,2023-01-18 18:00:00,2023-12-23 09:00:00,338,Platinum
CUST-0422,14,23345.4,1667.5285714285715,83,2023-01-17 09:00:00,2024-02-17 03:00:00,395,Platinum
CUST-0825,18,23228.22,1290.4566666666667,96,2023-01-23 07:00:00,2024-02-18 13:00:00,391,Platinum
CUST-0441,14,23091.15,1649.3678571428572,70,2023-02-08 18:00:00,2024-02-15 12:00:00,371,Platinum
CUST-0891,19,22952.37,1208.0194736842104,89,2023-02-03 17:00:00,2024-01-27 06:00:00,357,Platinum
CUST-0822,18,22911.57,1272.865,97,2023-01-04 23:00:00,2024-02-07 15:00:00,398,Platinum
CUST-0936,18,22885.63,1271.423888888889,100,2023-01-15 08:00:00,2024-02-10 01:00:00,390,Platinum
CUST-0154,19,22673.54,1193.344210526316,92,2023-01-27 16:00:00,2024-02-13 02:00:00,381,Platinum
CUST-0247,13,22397.54,1722.8876923076923,72,2023-01-13 14:00:00,2024-02-05 20:00:00,388,Platinum
CUST-0920,15,22041.85,1469.4566666666665,83,2023-01-17 03:00:00,2024-02-17 19:00:00,396,Platinum
CUST-0166,12,21904.05,1825.3374999999999,70,2023-02-16 06:00:00,2024-02-03 03:00:00,351,Platinum
CUST-0268,15,21789.84,1452.656,84,2023-01-12 08:00:00,2024-02-10 20:00:00,394,Platinum
CUST-0658,16,21712.6,1357.0375,89,2023-02-04 15:00:00,2024-01-22 14:00:00,351,Platinum
CUST-0490,15,21406.8,1427.12,81,2023-01-07 06:00:00,2023-12-13 22:00:00,340,Platinum
CUST-0749,13,21362.43,1643.263846153846,76,2023-01-05 21:00:00,2024-01-03 01:00:00,362,Platinum
CUST-0188,15,21151.100000000002,1410.0733333333335,83,2023-01-06 05:00:00,2023-12-14 18:00:00,342,Platinum
CUST-0988,17,21052.29,1238.3700000000001,87,2023-01-15 15:00:00,2024-02-05 18:00:00,386,Platinum
CUST-0704,15,20972.899999999998,1398.1933333333332,87,2023-01-27 08:00:00,2024-01-30 02:00:00,367,Platinum
CUST-0664,17,20716.47,1218.6158823529413,96,2023-01-01 18:00:00,2024-01-02 17:00:00,365,Platinum
CUST-0090,13,20578.93,1582.9946153846154,82,2023-01-31 06:00:00,2024-02-08 14:00:00,373,Platinum
CUST-0401,18,20568.239999999998,1142.6799999999998,83,2023-01-13 20:00:00,2024-01-01 18:00:00,352,Platinum
CUST-0923,13,20544.98,1580.383076923077,77,2023-02-10 12:00:00,2023-11-30 11:00:00,292,Platinum
CUST-0540,14,20397.260000000002,1456.947142857143,66,2023-02-10 06:00:00,2023-12-29 19:00:00,322,Platinum
CUST-0663,14,20379.99,1455.7135714285716,81,2023-01-22 04:00:00,2024-01-31 04:00:00,374,Platinum
CUST-0130,17,20370.95,1198.2911764705882,104,2023-01-13 07:00:00,2024-02-10 13:00:00,393,Platinum
CUST-0233,16,20317.32,1269.8325,69,2023-01-12 01:00:00,2024-02-08 10:00:00,392,Platinum
CUST-0783,16,20203.49,1262.718125,83,2023-01-02 22:00:00,2024-02-05 17:00:00,398,Platinum
CUST-0318,15,20203.39,1346.8926666666666,73,2023-01-11 12:00:00,2024-02-03 18:00:00,388,Platinum
CUST-0432,10,20125.52,2012.5520000000001,77,2023-01-28 11:00:00,2024-01-14 23:00:00,351,Platinum
CUST-0338,12,20065.64,1672.1366666666665,69,2023-01-05 22:00:00,2024-02-05 06:00:00,395,Platinum
CUST-0039,18,20025.44,1112.5244444444443,85,2023-01-22 18:00:00,2023-12-16 17:00:00,327,Platinum
CUST-0947,16,20013.74,1250.85875,60,2023-02-25 14:00:00,2024-01-12 17:00:00,321,Platinum
CUST-0516,13,19905.850000000002,1531.219230769231,72,2023-01-20 03:00:00,2024-02-14 13:00:00,390,Platinum
CUST-0327,14,19855.74,1418.267142857143,74,2023-02-06 00:00:00,2024-01-28 10:00:00,356,Platinum
CUST-0921,16,19832.84,1239.5525,78,2023-01-23 01:00:00,2024-01-17 20:00:00,359,Platinum
CUST-0348,11,19759.15,1796.2863636363638,64,2023-01-10 17:00:00,2023-12-22 07:00:00,345,Platinum
CUST-0132,12,19693.32,1641.11,63,2023-02-06 03:00:00,2024-02-14 21:00:00,373,Platinum
CUST-0919,14,19475.7,1391.1214285714286,77,2023-02-15 05:00:00,2024-01-22 15:00:00,341,Platinum
CUST-0871,12,19405.65,1617.1375,84,2023-01-08 16:00:00,2024-02-14 12:00:00,401,Platinum
CUST-0728,12,19275.02,1606.2516666666668,76,2023-01-07 20:00:00,2024-02-09 16:00:00,397,Platinum
CUST-0758,17,19101.739999999998,1123.6317647058822,78,2023-01-28 22:00:00,2024-02-20 05:00:00,387,Platinum
CUST-0405,13,19073.35,1467.180769230769,67,2023-02-12 18:00:00,2024-02-13 03:00:00,365,Platinum
CUST-0283,18,18998.73,1055.485,82,2023-01-11 00:00:00,2024-02-18 19:00:00,403,Platinum
CUST-0828,14,18975.32,1355.3799999999999,77,2023-01-23 04:00:00,2024-01-25 00:00:00,366,Platinum
CUST-0354,9,18940.77,2104.53,64,2023-01-23 21:00:00,2023-09-21 13:00:00,240,Platinum
CUST-0364,15,18867.85,1257.8566666666666,90,2023-03-16 14:00:00,2024-02-13 21:00:00,334,Platinum
CUST-0929,21,18685.4,889.7809523809525,77,2023-01-15 07:00:00,2024-02-19 22:00:00,400,Platinum
CUST-0093,13,18680.6,1436.9692307692308,75,2023-02-18 09:00:00,2024-02-12 23:00:00,359,Platinum
CUST-0558,14,18664.87,1333.205,73,2023-02-11 00:00:00,2024-02-10 17:00:00,364,Platinum
CUST-0164,12,18570.46,1547.5383333333332,60,2023-05-17 20:00:00,2024-02-20 23:00:00,279,Platinum
CUST-0161,17,18513.86,1089.050588235294,93,2023-01-02 07:00:00,2024-02-21 00:00:00,414,Platinum
CUST-0630,12,18448.8,1537.3999999999999,66,2023-03-10 15:00:00,2023-12-18 13:00:00,282,Platinum
CUST-0556,14,18314.37,1308.1692857142857,77,2023-01-05 04:00:00,2024-02-17 09:00:00,408,Platinum
CUST-0499,14,18268.62,1304.9014285714286,71,2023-01-06 22:00:00,2024-01-25 10:00:00,383,Platinum
CUST-0613,16,18240.0,1140.0,91,2023-01-08 06:00:00,2023-11-30 20:00:00,326,Platinum
CUST-0171,13,18223.96,1401.8430769230768,73,2023-01-09 15:00:00,2024-01-27 17:00:00,383,Platinum
CUST-0542,13,18213.16,1401.0123076923078,62,2023-02-16 10:00:00,2024-02-20 12:00:00,369,Platinum
CUST-0148,11,18155.010000000002,1650.4554545454548,57,2023-01-15 02:00:00,2024-02-08 07:00:00,389,Platinum
CUST-0345,12,18103.23,1508.6025,74,2023-04-04 13:00:00,2024-01-04 12:00:00,274,Platinum
CUST-0111,17,18086.37,1063.9041176470587,82,2023-02-17 14:00:00,2024-01-10 21:00:00,327,Platinum
CUST-0343,13,18078.9,1390.6846153846154,71,2023-05-03 11:00:00,2024-02-20 16:00:00,293,Platinum
CUST-0471,16,18065.81,1129.113125,85,2023-01-23 18:00:00,2024-01-26 00:00:00,367,Platinum
CUST-0973,18,18045.15,1002.5083333333334,70,2023-01-11 04:00:00,2024-02-11 09:00:00,396,Platinum
CUST-0271,12,18026.55,1502.2124999999999,69,2023-01-01 03:00:00,2024-02-12 21:00:00,407,Platinum
CUST-0124,12,18024.37,1502.0308333333332,61,2023-01-14 11:00:00,2023-11-21 11:00:00,311,Platinum
CUST-0260,13,18009.51,1385.3469230769228,69,2023-05-21 03:00:00,2024-01-21 01:00:00,244,Platinum
CUST-0985,12,18003.04,1500.2533333333333,62,2023-02-21 20:00:00,2024-01-26 01:00:00,338,Platinum
CUST-0938,13,17849.24,1373.0184615384617,71,2023-04-21 06:00:00,2024-02-18 23:00:00,303,Platinum
CUST-0883,14,17817.41,1272.672142857143,69,2023-01-19 01:00:00,2023-12-31 12:00:00,346,Platinum
CUST-0596,13,17774.59,1367.2761538461539,62,2023-02-02 10:00:00,2024-02-20 01:00:00,382,Platinum
CUST-0008,12,17765.079999999998,1480.4233333333332,56,2023-02-20 06:00:00,2024-02-16 03:00:00,360,Platinum
CUST-0497,10,17758.33,1775.833,52,2023-01-12 05:00:00,2023-10-24 02:00:00,284,Platinum
CUST-0925,17,17748.09,1044.005294117647,67,2023-02-10 22:00:00,2024-02-04 11:00:00,358,Platinum
CUST-0079,14,17689.01,1263.5007142857141,67,2023-04-08 18:00:00,2024-02-10 06:00:00,307,Platinum
CUST-0917,16,17684.68,1105.2925,79,2023-05-01 14:00:00,2024-02-18 00:00:00,292,Platinum
CUST-0485,14,17577.43,1255.5307142857143,80,2023-01-03 10:00:00,2024-01-28 18:00:00,390,Platinum
CUST-0940,15,17527.25,1168.4833333333333,76,2023-03-16 09:00:00,2024-01-27 23:00:00,317,Platinum
CUST-0909,12,17518.88,1459.9066666666668,76,2023-02-10 23:00:00,2024-01-07 09:00:00,330,Platinum
CUST-0340,12,17490.79,1457.5658333333333,70,2023-01-04 02:00:00,2024-01-29 00:00:00,389,Platinum
CUST-0439,15,17464.28,1164.2853333333333,72,2023-01-13 16:00:00,2024-01-21 12:00:00,372,Platinum
CUST-0376,14,17442.52,1245.8942857142858,78,2023-01-31 23:00:00,2024-02-05 08:00:00,369,Platinum
CUST-0790,10,17416.079999999998,1741.6079999999997,64,2023-01-27 11:00:00,2024-02-02 15:00:00,371,Platinum
CUST-0900,12,17405.52,1450.46,63,2023-01-09 08:00:00,2023-12-23 00:00:00,347,Platinum
CUST-0734,12,17396.39,1449.6991666666665,67,2023-01-09 09:00:00,2024-02-11 18:00:00,398,Platinum
CUST-0567,13,17392.71,1337.9007692307691,69,2023-01-03 05:00:00,2024-02-07 00:00:00,399,Platinum
CUST-0216,11,17366.19,1578.7445454545452,56,2023-02-20 21:00:00,2024-02-16 21:00:00,361,Platinum
CUST-0800,16,17352.48,1084.53,70,2023-01-23 23:00:00,2024-01-28 22:00:00,369,Platinum
CUST-0736,12,17335.77,1444.6475,64,2023-01-13 02:00:00,2024-01-31 18:00:00,383,Platinum
CUST-0628,12,17289.19,1440.7658333333331,72,2023-01-11 03:00:00,2024-01-15 19:00:00,369,Platinum
CUST-0776,19,17272.85,909.0973684210526,102,2023-01-04 09:00:00,2024-01-16 10:00:00,377,Platinum
CUST-0443,14,17244.79,1231.7707142857143,69,2023-02-23 15:00:00,2024-02-18 09:00:00,359,Platinum
CUST-0720,15,17216.49,1147.766,67,2023-01-05 20:00:00,2024-02-01 16:00:00,391,Platinum
CUST-0435,15,17196.14,1146.4093333333333,74,2023-01-27 18:00:00,2024-02-20 03:00:00,388,Platinum
CUST-0295,9,17193.03,1910.3366666666666,55,2023-03-02 01:00:00,2024-01-22 09:00:00,326,Platinum
CUST-0087,11,17167.84,1560.7127272727273,54,2023-03-13 00:00:00,2024-02-10 05:00:00,334,Platinum
CUST-0289,15,17151.94,1143.4626666666666,77,2023-01-07 03:00:00,2024-02-19 17:00:00,408,Platinum
CUST-0013,14,17117.97,1222.712142857143,80,2023-02-27 10:00:00,2024-02-02 10:00:00,340,Platinum
CUST-0387,16,17115.24,1069.7025,77,2023-01-12 12:00:00,2024-02-12 22:00:00,396,Platinum
CUST-0770,10,16963.989999999998,1696.399,59,2023-01-01 22:00:00,2024-01-06 09:00:00,369,Platinum
CUST-0661,16,16934.03,1058.376875,75,2023-03-08 08:00:00,2024-02-16 15:00:00,345,Platinum
CUST-0182,12,16884.57,1407.0475,58,2023-02-06 11:00:00,2024-01-22 16:00:00,350,Platinum
CUST-0554,13,16855.63,1296.586923076923,64,2023-01-08 22:00:00,2024-02-04 17:00:00,391,Platinum
CUST-0390,13,16845.3,1295.7923076923075,65,2023-01-04 19:00:00,2024-02-17 14:00:00,408,Platinum
CUST-0461,7,16802.52,2400.36,52,2023-01-09 00:00:00,2024-01-29 15:00:00,385,Platinum
CUST-0574,14,16801.54,1200.1100000000001,65,2023-01-07 19:00:00,2024-02-01 20:00:00,390,Platinum
CUST-0546,11,16674.34,1515.8490909090908,53,2023-02-17 03:00:00,2024-02-14 00:00:00,361,Platinum
CUST-0482,10,16670.05,1667.0049999999999,61,2023-03-21 13:00:00,2024-01-26 12:00:00,310,Platinum
CUST-0029,11,16619.579999999998,1510.870909090909,64,2023-02-05 12:00:00,2023-12-22 08:00:00,319,Platinum
CUST-0056,9,16595.89,1843.9877777777776,58,2023-02-19 20:00:00,2024-02-01 15:00:00,346,Platinum
CUST-0559,14,16552.02,1182.287142857143,83,2023-02-26 12:00:00,2024-02-05 10:00:00,343,Platinum
CUST-0881,16,16538.39,1033.649375,78,2023-01-16 06:00:00,2023-12-20 05:00:00,337,Platinum
CUST-0065,14,16526.760000000002,1180.4828571428573,58,2023-01-06 12:00:00,2024-01-27 13:00:00,386,Platinum
CUST-0059,14,16479.09,1177.077857142857,69,2023-01-02 16:00:00,2024-01-21 06:00:00,383,Platinum
CUST-0313,13,16472.49,1267.1146153846155,71,2023-03-08 15:00:00,2023-12-31 04:00:00,297,Platinum
CUST-0134,11,16454.920000000002,1495.9018181818183,61,2023-02-07 23:00:00,2024-02-11 08:00:00,368,Platinum
CUST-0278,13,16446.96,1265.1507692307691,82,2023-03-17 13:00:00,2024-02-11 12:00:00,330,Platinum
CUST-0634,12,16432.02,1369.335,73,2023-01-26 16:00:00,2024-02-14 03:00:00,383,Platinum
CUST-0476,13,16417.22,1262.863076923077,71,2023-01-02 19:00:00,2023-12-08 02:00:00,339,Platinum
CUST-0407,11,16414.37,1492.2154545454543,59,2023-01-07 18:00:00,2023-11-09 01:00:00,305,Platinum
CUST-0772,11,16355.66,1486.8781818181817,68,2023-01-04 22:00:00,2024-01-06 12:00:00,366,Platinum
CUST-0429,12,16318.28,1359.8566666666668,58,2023-03-11 13:00:00,2024-02-03 05:00:00,328,Platinum
CUST-0771,8,16260.07,2032.50875,47,2023-01-14 16:00:00,2024-01-02 12:00:00,352,Platinum
CUST-0852,13,16247.89,1249.8376923076924,77,2023-01-17 11:00:00,2024-01-09 12:00:00,357,Platinum
CUST-0467,11,16193.119999999999,1472.101818181818,61,2023-01-01 10:00:00,2024-01-10 17:00:00,374,Platinum
CUST-0495,9,16180.48,1797.831111111111,49,2023-04-13 21:00:00,2023-12-27 09:00:00,257,Platinum
CUST-0196,9,16134.79,1792.7544444444445,57,2023-01-25 04:00:00,2023-12-20 04:00:00,329,Platinum
CUST-0144,14,16132.36,1152.3114285714287,84,2023-01-14 08:00:00,2024-02-07 23:00:00,389,Platinum
CUST-0693,16,16081.14,1005.07125,72,2023-02-04 02:00:00,2024-02-12 18:00:00,373,Platinum
CUST-0058,12,16049.72,1337.4766666666667,75,2023-01-26 03:00:00,2024-01-29 05:00:00,368,Platinum
CUST-0099,14,16041.75,1145.8392857142858,80,2023-01-07 22:00:00,2024-01-09 08:00:00,366,Platinum
CUST-0137,14,16038.27,1145.5907142857143,72,2023-02-24 15:00:00,2024-01-05 17:00:00,315,Platinum
CUST-0759,12,16030.92,1335.91,57,2023-01-22 21:00:00,2024-01-25 19:00:00,367,Platinum
CUST-0794,15,16020.19,1068.0126666666667,74,2023-02-19 14:00:00,2024-02-19 02:00:00,364,Platinum
CUST-0305,11,16001.16,1454.6509090909092,58,2023-01-24 13:00:00,2024-01-10 18:00:00,351,Platinum
CUST-0420,15,15967.9,1064.5266666666666,71,2023-01-17 08:00:00,2023-12-24 21:00:00,341,Platinum
CUST-0962,14,15950.039999999999,1139.2885714285715,71,2023-01-22 05:00:00,2024-01-01 21:00:00,344,Platinum
CUST-0388,9,15947.96,1771.9955555555555,60,2023-01-03 17:00:00,2024-01-05 19:00:00,367,Platinum
CUST-0207,12,15938.859999999999,1328.2383333333332,76,2023-01-08 19:00:00,2024-01-26 02:00:00,382,Platinum
CUST-0075,16,15938.8,996.175,68,2023-01-31 21:00:00,2024-01-12 13:00:00,345,Platinum
CUST-0616,11,15910.74,1446.4309090909092,59,2023-03-02 02:00:00,2024-01-13 23:00:00,317,Platinum
CUST-0607,13,15881.880000000001,1221.683076923077,78,2023-01-21 01:00:00,2023-12-19 22:00:00,332,Platinum
CUST-0426,10,15879.91,1587.991,52,2023-03-26 22:00:00,2024-01-22 11:00:00,301,Platinum
CUST-0958,13,15857.75,1219.826923076923,62,2023-01-03 00:00:00,2024-02-14 07:00:00,407,Platinum
CUST-0804,13,15843.96,1218.7661538461539,73,2023-02-06 04:00:00,2024-02-16 04:00:00,375,Platinum
CUST-0805,13,15826.86,1217.4507692307693,64,2023-01-07 21:00:00,2023-10-14 15:00:00,279,Platinum
CUST-0523,11,15805.68,1436.88,61,2023-03-15 17:00:00,2024-02-12 11:00:00,333,Platinum
CUST-0500,13,15781.83,1213.9869230769232,72,2023-02-05 21:00:00,2024-01-11 04:00:00,339,Platinum
CUST-0963,15,15740.44,1049.3626666666667,71,2023-01-14 23:00:00,2024-02-14 06:00:00,395,Platinum
CUST-0366,11,15678.33,1425.3027272727272,51,2023-03-30 17:00:00,2024-02-03 08:00:00,309,Platinum
CUST-0645,11,15615.44,1419.5854545454547,54,2023-02-13 01:00:00,2023-12-05 00:00:00,294,Platinum
CUST-0163,10,15592.85,1559.285,55,2023-01-18 02:00:00,2023-11-25 02:00:00,311,Platinum
CUST-0378,10,15591.960000000001,1559.1960000000001,57,2023-03-18 14:00:00,2024-02-17 13:00:00,335,Platinum
CUST-0528,12,15590.17,1299.1808333333333,55,2023-07-27 07:00:00,2024-01-27 04:00:00,183,Platinum
CUST-0294,12,15573.51,1297.7925,56,2023-04-27 09:00:00,2024-02-17 18:00:00,296,Platinum
CUST-0872,14,15522.86,1108.7757142857142,65,2023-01-01 17:00:00,2024-01-04 08:00:00,367,Platinum
CUST-0051,8,15456.76,1932.095,58,2023-01-24 03:00:00,2024-02-17 16:00:00,389,Platinum
CUST-0751,13,15452.230000000001,1188.633076923077,74,2023-01-26 18:00:00,2024-01-29 03:00:00,367,Platinum
CUST-0840,15,15447.4,1029.8266666666666,79,2023-01-07 12:00:00,2024-02-13 09:00:00,401,Platinum
CUST-0325,8,15442.15,1930.26875,48,2023-01-29 10:00:00,2024-01-19 13:00:00,355,Platinum
CUST-0547,13,15432.369999999999,1187.1053846153845,47,2023-01-08 03:00:00,2024-02-13 13:00:00,401,Platinum
CUST-0816,10,15406.199999999999,1540.62,63,2023-01-05 11:00:00,2024-02-18 17:00:00,409,Platinum
CUST-0848,11,15385.9,1398.7181818181818,60,2023-02-17 18:00:00,2024-01-30 11:00:00,346,Platinum
CUST-0361,11,15381.86,1398.3509090909092,61,2023-02-07 07:00:00,2024-01-16 16:00:00,343,Platinum
CUST-0127,10,15374.91,1537.491,59,2023-01-26 11:00:00,2023-10-22 06:00:00,268,Platinum
CUST-0987,10,15370.01,1537.001,52,2023-01-08 02:00:00,2023-12-14 12:00:00,340,Platinum
CUST-0659,15,15324.93,1021.662,72,2023-01-16 18:00:00,2024-01-28 12:00:00,376,Platinum
CUST-0732,12,15315.11,1276.2591666666667,53,2023-02-10 07:00:00,2024-02-18 12:00:00,373,Platinum
CUST-0877,14,15308.03,1093.4307142857144,66,2023-01-25 06:00:00,2024-02-04 14:00:00,375,Platinum
CUST-0573,13,15300.84,1176.9876923076922,63,2023-02-20 01:00:00,2024-01-31 15:00:00,345,Platinum
CUST-0184,10,15253.02,1525.3020000000001,54,2023-01-13 18:00:00,2024-01-12 22:00:00,364,Platinum
CUST-0889,13,15232.18,1171.706153846154,75,2023-03-29 08:00:00,2024-02-13 06:00:00,320,Platinum
CUST-0803,11,15222.06,1383.8236363636363,60,2023-03-08 19:00:00,2024-02-20 02:00:00,348,Platinum
CUST-0213,8,15195.96,1899.495,44,2023-02-08 10:00:00,2024-02-19 18:00:00,376,Platinum
CUST-0287,12,15147.140000000001,1262.2616666666668,73,2023-03-18 23:00:00,2024-01-31 09:00:00,318,Platinum
CUST-0618,13,15124.49,1163.4223076923076,63,2023-05-13 01:00:00,2024-02-13 10:00:00,276,Platinum
CUST-0128,13,15085.95,1160.4576923076925,60,2023-01-21 14:00:00,2024-01-24 05:00:00,367,Platinum
CUST-0218,11,15082.23,1371.111818181818,67,2023-01-08 12:00:00,2023-10-29 08:00:00,293,Platinum
CUST-0314,15,15071.849999999999,1004.7899999999998,75,2023-01-02 09:00:00,2024-01-31 07:00:00,393,Platinum
CUST-0301,9,15049.1,1672.1222222222223,58,2023-02-06 02:00:00,2024-02-08 20:00:00,367,Platinum
CUST-0277,14,15042.03,1074.4307142857144,72,2023-01-02 06:00:00,2023-10-08 17:00:00,279,Platinum
CUST-0113,16,15020.560000000001,938.7850000000001,71,2023-01-12 03:00:00,2024-01-22 06:00:00,375,Platinum
CUST-0700,14,14997.99,1071.285,73,2023-01-21 03:00:00,2024-01-21 14:00:00,365,Platinum
CUST-0456,9,14997.65,1666.4055555555556,45,2023-01-05 13:00:00,2023-08-18 10:00:00,224,Platinum
CUST-0508,12,14984.65,1248.7208333333333,64,2023-02-07 16:00:00,2024-01-07 16:00:00,334,Platinum
CUST-0725,10,14953.880000000001,1495.3880000000001,57,2023-01-05 19:00:00,2023-10-27 12:00:00,294,Platinum
CUST-0912,14,14869.38,1062.0985714285714,63,2023-01-28 08:00:00,2024-02-08 06:00:00,375,Platinum
CUST-0310,9,14859.46,1651.051111111111,50,2023-03-20 15:00:00,2024-02-21 15:00:00,338,Platinum
CUST-0629,11,14855.65,1350.5136363636364,55,2023-03-18 17:00:00,2024-01-01 16:00:00,288,Platinum
CUST-0342,10,14848.51,1484.851,50,2023-01-24 12:00:00,2023-10-27 18:00:00,276,Platinum
CUST-0858,11,14838.41,1348.9463636363637,68,2023-01-08 21:00:00,2024-02-05 22:00:00,393,Platinum
CUST-0509,11,14810.27,1346.388181818182,49,2023-01-04 08:00:00,2024-02-11 06:00:00,402,Platinum
CUST-0882,9,14810.21,1645.5788888888887,48,2023-03-10 06:00:00,2024-02-20 04:00:00,346,Platinum
CUST-0602,13,14798.29,1138.3300000000002,86,2023-01-31 11:00:00,2024-01-12 18:00:00,346,Platinum
CUST-0285,11,14775.130000000001,1343.1936363636364,68,2023-01-27 22:00:00,2024-01-11 22:00:00,349,Platinum
CUST-0666,14,14763.02,1054.5014285714285,82,2023-02-21 00:00:00,2024-02-08 13:00:00,352,Platinum
CUST-0699,14,14742.29,1053.0207142857143,67,2023-01-09 21:00:00,2024-02-10 16:00:00,396,Platinum
CUST-0675,12,14736.029999999999,1228.0024999999998,74,2023-01-07 01:00:00,2023-12-07 04:00:00,334,Platinum
CUST-0837,12,14712.09,1226.0075,59,2023-01-14 00:00:00,2023-12-05 10:00:00,325,Platinum
CUST-0041,11,14686.55,1335.140909090909,51,2023-01-06 08:00:00,2023-09-10 16:00:00,247,Platinum
CUST-0185,8,14676.27,1834.53375,51,2023-04-27 00:00:00,2024-01-30 04:00:00,278,Platinum
CUST-0945,12,14653.27,1221.1058333333333,69,2023-02-19 08:00:00,2024-01-10 11:00:00,325,Platinum
CUST-0937,15,14647.8,976.52,68,2023-03-08 18:00:00,2024-01-01 20:00:00,299,Platinum
CUST-0253,13,14627.0,1125.1538461538462,54,2023-01-02 11:00:00,2024-01-15 12:00:00,378,Platinum
CUST-0365,9,14619.59,1624.398888888889,57,2023-01-19 09:00:00,2023-10-04 19:00:00,258,Platinum
CUST-0229,14,14619.31,1044.2364285714286,60,2023-02-08 13:00:00,2024-02-19 23:00:00,376,Platinum
CUST-0802,12,14609.730000000001,1217.4775000000002,62,2023-01-26 19:00:00,2024-01-21 18:00:00,359,Platinum
CUST-0833,14,14608.83,1043.4878571428571,67,2023-02-05 19:00:00,2023-11-07 01:00:00,274,Platinum
CUST-0076,11,14571.61,1324.6918181818182,59,2023-01-27 15:00:00,2023-12-28 14:00:00,334,Platinum
CUST-0168,11,14568.84,1324.44,50,2023-01-30 14:00:00,2024-02-04 04:00:00,369,Platinum
CUST-0143,12,14565.779999999999,1213.8149999999998,61,2023-01-23 19:00:00,2024-02-12 12:00:00,384,Platinum
CUST-0563,13,14556.99,1119.7684615384615,55,2023-01-03 03:00:00,2024-02-17 20:00:00,410,Platinum
CUST-0853,12,14552.44,1212.7033333333334,66,2023-02-12 03:00:00,2024-02-18 03:00:00,371,Platinum
CUST-0017,12,14551.15,1212.5958333333333,75,2023-01-20 08:00:00,2023-11-20 10:00:00,304,Platinum
CUST-0336,11,14506.970000000001,1318.8154545454547,68,2023-01-29 14:00:00,2024-02-08 08:00:00,374,Platinum
CUST-0455,14,14505.54,1036.1100000000001,70,2023-01-04 06:00:00,2024-02-19 15:00:00,411,Platinum
CUST-0129,16,14501.14,906.32125,67,2023-01-06 17:00:00,2024-02-17 01:00:00,406,Platinum
CUST-0797,11,14475.64,1315.9672727272728,55,2023-02-16 16:00:00,2024-01-23 16:00:00,341,Platinum
CUST-0895,10,14464.3,1446.4299999999998,54,2023-02-07 06:00:00,2024-02-15 13:00:00,373,Platinum
CUST-0686,9,14462.720000000001,1606.968888888889,54,2023-01-21 22:00:00,2024-02-06 04:00:00,380,Platinum
CUST-0781,12,14449.14,1204.095,54,2023-03-27 09:00:00,2024-02-09 14:00:00,319,Platinum
CUST-0293,9,14449.11,1605.4566666666667,52,2023-03-28 23:00:00,2024-02-12 19:00:00,320,Platinum
CUST-0638,13,14431.52,1110.116923076923,68,2023-01-13 06:00:00,2023-12-29 14:00:00,350,Platinum
CUST-0849,14,14419.02,1029.93,59,2023-01-31 05:00:00,2024-01-12 02:00:00,345,Platinum
CUST-0109,14,14396.09,1028.2921428571428,75,2023-02-04 01:00:00,2024-01-01 02:00:00,331,Platinum
CUST-0192,15,14384.91,958.994,73,2023-01-02 04:00:00,2024-02-12 13:00:00,406,Platinum
CUST-0974,14,14352.46,1025.1757142857143,63,2023-01-27 23:00:00,2024-01-18 05:00:00,355,Platinum
CUST-0425,10,14337.94,1433.794,54,2023-02-23 08:00:00,2024-01-25 11:00:00,336,Platinum
CUST-0492,10,14324.18,1432.4180000000001,43,2023-01-02 00:00:00,2024-01-27 05:00:00,390,Platinum
CUST-0496,8,14311.93,1788.99125,45,2023-02-05 17:00:00,2024-02-04 18:00:00,364,Platinum
CUST-0754,10,14278.4,1427.84,47,2023-01-31 02:00:00,2024-02-16 12:00:00,381,Platinum
CUST-0954,9,14268.5,1585.388888888889,49,2023-02-04 20:00:00,2024-02-21 12:00:00,381,Platinum
CUST-0156,14,14238.65,1017.0464285714286,70,2023-03-10 05:00:00,2023-12-16 00:00:00,280,Platinum
CUST-0010,13,14201.22,1092.4015384615384,70,2023-02-11 11:00:00,2024-01-31 21:00:00,354,Platinum
CUST-0604,10,14191.41,1419.141,62,2023-01-26 02:00:00,2024-01-01 17:00:00,340,Platinum
CUST-0612,12,14177.34,1181.445,60,2023-01-28 14:00:00,2024-02-11 00:00:00,378,Platinum
CUST-0069,15,14147.279999999999,943.1519999999999,67,2023-01-28 01:00:00,2024-02-12 10:00:00,380,Platinum
CUST-0511,13,14097.74,1084.4415384615384,65,2023-01-02 17:00:00,2023-12-05 04:00:00,336,Platinum
CUST-0228,9,14084.380000000001,1564.9311111111112,43,2023-02-22 21:00:00,2024-01-21 13:00:00,332,Platinum
CUST-0748,10,14079.65,1407.965,65,2023-01-02 12:00:00,2024-02-09 19:00:00,403,Platinum
CUST-0549,8,14070.25,1758.78125,56,2023-04-19 03:00:00,2024-01-07 14:00:00,263,Platinum
CUST-0309,9,14032.49,1559.1655555555556,37,2023-01-01 21:00:00,2024-02-20 14:00:00,414,Platinum
CUST-0146,11,14016.05,1274.1863636363635,60,2023-02-11 22:00:00,2024-01-23 02:00:00,345,Platinum
CUST-0512,8,14000.21,1750.02625,39,2023-01-20 07:00:00,2024-02-10 23:00:00,386,Platinum
CUST-0172,9,13998.77,1555.418888888889,53,2023-01-20 09:00:00,2024-01-14 07:00:00,358,Platinum
CUST-0662,15,13994.63,932.9753333333333,83,2023-01-01 20:00:00,2023-12-29 17:00:00,361,Platinum
CUST-0993,11,13957.24,1268.84,58,2023-01-21 04:00:00,2024-02-06 12:00:00,381,Platinum
CUST-0368,8,13956.5,1744.5625,50,2023-05-28 08:00:00,2024-02-04 02:00:00,251,Platinum
CUST-0752,9,13953.31,1550.3677777777777,44,2023-01-14 07:00:00,2024-02-16 10:00:00,398,Platinum
CUST-0953,10,13946.3,1394.6299999999999,57,2023-01-10 05:00:00,2023-12-11 12:00:00,335,Platinum
CUST-0738,11,13930.650000000001,1266.4227272727273,51,2023-02-15 17:00:00,2024-02-19 06:00:00,368,Platinum
CUST-0071,7,13922.2,1988.8857142857144,49,2023-09-22 10:00:00,2024-02-11 21:00:00,142,Platinum
CUST-0946,13,13922.14,1070.9338461538462,72,2023-01-15 18:00:00,2023-12-15 15:00:00,333,Platinum
CUST-0792,11,13908.1,1264.3727272727274,55,2023-01-06 01:00:00,2023-12-26 13:00:00,354,Platinum
CUST-0477,15,13882.49,925.4993333333333,72,2023-01-05 00:00:00,2024-02-19 12:00:00,410,Platinum
CUST-0311,9,13869.64,1541.0711111111111,54,2023-03-27 02:00:00,2023-11-22 04:00:00,240,Platinum
CUST-0622,11,13847.84,1258.8945454545456,68,2023-03-07 20:00:00,2024-02-20 07:00:00,349,Platinum
CUST-0001,16,13829.460000000001,864.3412500000001,86,2023-02-07 09:00:00,2024-01-31 14:00:00,358,Platinum
CUST-0536,8,13799.6,1724.95,50,2023-04-12 07:00:00,2024-01-24 15:00:00,287,Platinum
CUST-0981,9,13791.1,1532.3444444444444,56,2023-01-21 08:00:00,2024-02-16 13:00:00,391,Platinum
CUST-0869,10,13785.17,1378.517,56,2023-02-01 06:00:00,2023-12-01 06:00:00,303,Platinum
CUST-0331,12,13769.230000000001,1147.4358333333334,45,2023-01-01 12:00:00,2024-01-12 05:00:00,375,Platinum
CUST-0138,7,13761.470000000001,1965.9242857142858,46,2023-02-16 18:00:00,2023-11-25 14:00:00,281,Platinum
CUST-0550,14,13738.69,981.335,65,2023-02-26 17:00:00,2024-01-17 21:00:00,325,Platinum
CUST-0605,10,13732.85,1373.285,60,2023-01-31 08:00:00,2024-01-06 10:00:00,340,Platinum
CUST-0712,9,13705.63,1522.8477777777778,51,2023-03-06 00:00:00,2024-02-17 23:00:00,348,Platinum
CUST-0254,11,13703.33,1245.7572727272727,58,2023-01-16 10:00:00,2024-02-10 10:00:00,390,Platinum
CUST-0025,14,13690.26,977.8757142857143,70,2023-02-03 15:00:00,2024-01-03 20:00:00,334,Platinum
CUST-0779,13,13670.15,1051.55,67,2023-01-15 14:00:00,2023-12-09 09:00:00,327,Platinum
CUST-0415,7,13639.49,1948.4985714285715,42,2023-01-15 20:00:00,2024-01-15 14:00:00,364,Platinum
CUST-0521,10,13600.73,1360.0729999999999,52,2023-01-06 15:00:00,2024-01-23 20:00:00,382,Platinum
CUST-0106,12,13568.720000000001,1130.7266666666667,62,2023-01-04 21:00:00,2024-02-14 17:00:00,405,Platinum
CUST-0836,11,13558.46,1232.5872727272726,65,2023-01-13 15:00:00,2024-02-21 05:00:00,403,Platinum
CUST-0097,8,13522.61,1690.32625,48,2023-03-03 21:00:00,2024-02-01 07:00:00,334,Platinum
CUST-0141,14,13505.86,964.7042857142858,74,2023-03-06 08:00:00,2023-12-25 07:00:00,293,Platinum
CUST-0983,9,13485.72,1498.4133333333332,61,2023-02-20 19:00:00,2023-12-04 17:00:00,286,Platinum
CUST-0757,7,13468.3,1924.042857142857,51,2023-04-26 05:00:00,2024-01-18 13:00:00,267,Platinum
CUST-0506,10,13466.92,1346.692,54,2023-01-10 16:00:00,2024-01-23 08:00:00,377,Platinum
CUST-0483,11,13449.69,1222.699090909091,51,2023-05-08 13:00:00,2023-12-29 09:00:00,234,Platinum
CUST-0019,15,13431.87,895.4580000000001,79,2023-02-02 16:00:00,2024-02-15 00:00:00,377,Platinum
CUST-0766,5,13427.5,2685.5,39,2023-06-06 22:00:00,2024-02-20 08:00:00,258,Platinum
CUST-0183,14,13420.92,958.6371428571429,75,2023-02-17 17:00:00,2024-02-10 19:00:00,358,Platinum
CUST-0897,13,13406.32,1031.2553846153846,53,2023-01-16 08:00:00,2024-01-27 00:00:00,375,Platinum
CUST-0676,13,13379.470000000001,1029.19,64,2023-02-01 04:00:00,2023-11-30 09:00:00,302,Platinum
CUST-0533,9,13374.18,1486.02,52,2023-06-13 10:00:00,2024-01-01 05:00:00,201,Platinum
CUST-0609,9,13373.08,1485.8977777777777,45,2023-01-14 09:00:00,2024-02-03 10:00:00,385,Platinum
CUST-0381,13,13360.89,1027.7607692307693,70,2023-03-15 06:00:00,2024-01-05 08:00:00,296,Platinum
CUST-0344,11,13359.310000000001,1214.4827272727273,58,2023-01-01 23:00:00,2024-02-03 06:00:00,397,Platinum
CUST-0270,12,13357.17,1113.0975,58,2023-01-05 09:00:00,2024-01-31 16:00:00,391,Platinum
CUST-0702,11,13348.3,1213.4818181818182,54,2023-01-05 17:00:00,2024-01-16 13:00:00,375,Platinum
CUST-0710,11,13326.289999999999,1211.480909090909,52,2023-01-11 08:00:00,2024-01-26 20:00:00,380,Platinum
CUST-0740,10,13311.25,1331.125,61,2023-02-10 10:00:00,2024-02-15 22:00:00,370,Platinum
CUST-0147,13,13303.78,1023.3676923076923,54,2023-01-15 01:00:00,2023-12-27 16:00:00,346,Platinum
CUST-0321,8,13294.14,1661.7675,56,2023-01-23 11:00:00,2024-01-26 22:00:00,368,Platinum
CUST-0416,10,13274.9,1327.49,41,2023-01-13 13:00:00,2023-12-21 11:00:00,341,Platinum
CUST-0303,14,13273.51,948.1078571428571,66,2023-02-15 04:00:00,2023-12-31 13:00:00,319,Platinum
CUST-0906,11,13251.05,1204.640909090909,69,2023-01-29 04:00:00,2024-02-20 15:00:00,387,Platinum
CUST-0102,10,13234.29,1323.429,59,2023-03-22 14:00:00,2023-12-07 17:00:00,260,Platinum
CUST-0814,10,13214.42,1321.442,57,2023-03-07 16:00:00,2024-01-28 05:00:00,326,Platinum
CUST-0968,11,13190.06,1199.0963636363635,44,2023-01-17 07:00:00,2023-12-08 10:00:00,325,Platinum
CUST-0104,14,13176.52,941.1800000000001,70,2023-01-17 10:00:00,2023-12-02 20:00:00,319,Platinum
CUST-0817,13,13174.7,1013.4384615384616,78,2023-02-28 03:00:00,2024-01-23 12:00:00,329,Platinum
CUST-0481,12,13165.22,1097.1016666666667,60,2023-01-19 22:00:00,2024-01-04 04:00:00,349,Platinum
CUST-0356,10,13157.67,1315.767,52,2023-03-06 19:00:00,2024-02-11 11:00:00,341,Platinum
CUST-0131,10,13139.380000000001,1313.938,60,2023-01-01 19:00:00,2024-02-06 10:00:00,400,Platinum
CUST-0791,11,13136.34,1194.2127272727273,53,2023-01-26 10:00:00,2024-02-19 05:00:00,388,Platinum
CUST-0832,12,13125.57,1093.7975,57,2023-01-03 07:00:00,2024-02-02 00:00:00,394,Platinum
CUST-0525,12,13118.210000000001,1093.1841666666667,60,2023-01-09 18:00:00,2024-02-21 02:00:00,407,Platinum
CUST-0589,9,13094.01,1454.89,52,2023-04-05 17:00:00,2024-01-01 10:00:00,270,Platinum
CUST-0615,9,13083.8,1453.7555555555555,53,2023-01-01 08:00:00,2024-01-08 01:00:00,371,Platinum
CUST-0165,10,13080.539999999999,1308.0539999999999,49,2023-02-05 13:00:00,2024-01-19 20:00:00,348,Platinum
CUST-0581,8,13077.77,1634.72125,46,2023-01-27 10:00:00,2024-02-12 16:00:00,381,Platinum
CUST-0162,12,13071.77,1089.3141666666668,74,2023-01-05 05:00:00,2024-01-28 04:00:00,387,Platinum
CUST-0669,9,13050.1,1450.0111111111112,41,2023-03-03 12:00:00,2024-01-13 13:00:00,316,Platinum
CUST-0551,12,12979.12,1081.5933333333335,58,2023-01-15 10:00:00,2024-01-04 23:00:00,354,Platinum
CUST-0276,10,12947.98,1294.798,49,2023-04-24 09:00:00,2024-02-10 15:00:00,292,Platinum
CUST-0698,10,12929.91,1292.991,51,2023-01-24 05:00:00,2024-01-09 07:00:00,350,Platinum
CUST-0442,12,12833.44,1069.4533333333334,70,2023-01-12 06:00:00,2024-02-08 00:00:00,391,Platinum
CUST-0103,7,12823.08,1831.8685714285714,44,2023-01-25 03:00:00,2024-01-31 20:00:00,371,Platinum
CUST-0611,11,12806.17,1164.1972727272728,70,2023-06-17 10:00:00,2024-01-25 01:00:00,221,Platinum
CUST-0580,11,12770.56,1160.96,47,2023-01-18 08:00:00,2023-12-20 01:00:00,335,Platinum
CUST-0656,8,12760.73,1595.09125,42,2023-01-25 15:00:00,2023-11-28 01:00:00,306,Platinum
CUST-0187,12,12754.12,1062.8433333333335,53,2023-01-14 12:00:00,2024-02-02 02:00:00,383,Platinum
CUST-0414,13,12737.48,979.8061538461538,67,2023-01-02 01:00:00,2023-12-13 01:00:00,345,Platinum
CUST-0086,10,12721.49,1272.149,62,2023-01-09 23:00:00,2024-02-17 08:00:00,403,Platinum
CUST-0867,11,12718.82,1156.2563636363636,51,2023-01-22 23:00:00,2023-12-10 03:00:00,321,Platinum
CUST-0548,10,12687.75,1268.775,56,2023-02-01 13:00:00,2024-01-29 23:00:00,362,Platinum
CUST-0396,7,12675.619999999999,1810.802857142857,46,2023-02-02 19:00:00,2023-12-22 12:00:00,322,Platinum
CUST-0453,11,12669.56,1151.7781818181818,55,2023-01-16 12:00:00,2023-12-21 12:00:00,339,Platinum
CUST-0520,12,12662.59,1055.2158333333334,64,2023-02-17 23:00:00,2024-02-15 17:00:00,362,Platinum
CUST-0123,7,12657.05,1808.1499999999999,43,2023-01-13 19:00:00,2024-02-11 16:00:00,393,Platinum
CUST-0022,15,12633.49,842.2326666666667,59,2023-01-02 10:00:00,2024-01-18 14:00:00,381,Platinum
CUST-0594,10,12624.66,1262.466,61,2023-02-11 04:00:00,2024-01-31 10:00:00,354,Platinum
CUST-0459,13,12591.51,968.5776923076924,53,2023-01-01 13:00:00,2024-02-09 04:00:00,403,Platinum
CUST-0584,12,12578.300000000001,1048.1916666666668,56,2023-03-30 09:00:00,2024-02-20 10:00:00,327,Platinum
CUST-0384,11,12567.21,1142.4736363636364,62,2023-02-03 05:00:00,2024-01-24 16:00:00,355,Platinum
CUST-0624,9,12511.6,1390.177777777778,57,2023-01-16 04:00:00,2023-11-14 16:00:00,302,Platinum
CUST-0239,12,12507.68,1042.3066666666666,66,2023-02-12 00:00:00,2023-11-23 17:00:00,284,Platinum
CUST-0571,14,12495.94,892.5671428571429,56,2023-03-24 01:00:00,2023-11-09 11:00:00,230,Platinum
CUST-0011,6,12461.48,2076.9133333333334,42,2023-03-05 18:00:00,2023-10-16 10:00:00,224,Platinum
CUST-0114,10,12460.77,1246.077,54,2023-03-12 04:00:00,2024-02-02 08:00:00,327,Platinum
CUST-0139,10,12457.470000000001,1245.747,70,2023-01-06 21:00:00,2024-02-20 19:00:00,409,Platinum
CUST-0217,12,12440.89,1036.7408333333333,66,2023-01-06 03:00:00,2024-01-10 05:00:00,369,Platinum
CUST-0761,11,12356.81,1123.3463636363635,49,2023-02-01 03:00:00,2023-12-27 13:00:00,329,Platinum
CUST-0355,12,12331.26,1027.605,64,2023-07-26 17:00:00,2024-02-07 02:00:00,195,Platinum
CUST-0231,9,12311.25,1367.9166666666667,51,2023-01-07 07:00:00,2023-07-28 14:00:00,202,Platinum
CUST-0242,11,12306.49,1118.7718181818182,50,2023-01-03 21:00:00,2024-02-17 17:00:00,409,Platinum
CUST-0357,8,12291.1,1536.3875,40,2023-01-28 18:00:00,2024-02-12 06:00:00,379,Platinum
CUST-0399,9,12290.86,1365.6511111111113,39,2023-03-29 06:00:00,2023-11-10 01:00:00,225,Platinum
CUST-0386,13,12284.58,944.9676923076923,55,2023-01-02 03:00:00,2024-01-18 02:00:00,380,Platinum
CUST-0391,10,12282.460000000001,1228.246,59,2023-03-13 05:00:00,2024-01-29 16:00:00,322,Platinum
CUST-0454,8,12274.51,1534.31375,43,2023-04-02 21:00:00,2023-12-01 15:00:00,242,Platinum
CUST-0727,14,12267.65,876.2607142857142,56,2023-01-05 15:00:00,2023-12-21 13:00:00,349,Platinum
CUST-0619,10,12248.34,1224.834,52,2023-05-03 20:00:00,2024-02-12 05:00:00,284,Platinum
CUST-0944,11,12245.84,1113.2581818181818,64,2023-03-14 20:00:00,2023-12-16 16:00:00,276,Platinum
CUST-0173,11,12213.32,1110.3018181818181,60,2023-02-06 20:00:00,2024-01-11 09:00:00,338,Platinum
CUST-0579,8,12212.84,1526.605,46,2023-03-03 03:00:00,2024-01-30 21:00:00,333,Platinum
CUST-0279,9,12162.560000000001,1351.3955555555558,52,2023-02-02 02:00:00,2024-02-21 13:00:00,384,Platinum
CUST-0957,9,12149.68,1349.9644444444446,57,2023-01-18 04:00:00,2023-12-01 23:00:00,317,Platinum
CUST-0107,7,12140.99,1734.4271428571428,47,2023-01-01 04:00:00,2024-02-05 11:00:00,400,Platinum
CUST-0421,10,12135.25,1213.525,40,2023-06-02 06:00:00,2023-12-19 17:00:00,200,Platinum
CUST-0363,12,12046.41,1003.8675,66,2023-02-21 10:00:00,2024-01-23 15:00:00,336,Platinum
CUST-0274,10,12039.65,1203.965,45,2023-01-03 16:00:00,2024-02-04 16:00:00,397,Platinum
CUST-0694,9,12027.22,1336.3577777777778,41,2023-09-03 21:00:00,2024-01-24 12:00:00,142,Platinum
CUST-0588,13,11995.35,922.7192307692308,62,2023-02-04 17:00:00,2024-02-06 17:00:00,367,Platinum
CUST-0729,9,11984.05,1331.5611111111111,49,2023-02-01 01:00:00,2024-02-06 01:00:00,370,Platinum
CUST-0392,10,11973.31,1197.331,44,2023-01-07 00:00:00,2024-02-15 07:00:00,404,Platinum
CUST-0367,13,11961.42,920.1092307692307,55,2023-01-04 04:00:00,2024-01-09 21:00:00,370,Platinum
CUST-0903,10,11951.05,1195.105,55,2023-01-23 06:00:00,2024-01-31 12:00:00,373,Platinum
CUST-0226,12,11945.03,995.4191666666667,58,2023-01-19 15:00:00,2024-02-20 00:00:00,396,Platinum
CUST-0489,11,11931.69,1084.699090909091,60,2023-01-15 06:00:00,2023-12-30 09:00:00,349,Platinum
CUST-0436,12,11931.31,994.2758333333333,58,2023-01-01 01:00:00,2024-02-20 17:00:00,415,Platinum
CUST-0375,12,11925.89,993.8241666666667,55,2023-01-19 03:00:00,2024-02-17 11:00:00,394,Platinum
CUST-0493,10,11922.61,1192.261,59,2023-01-06 07:00:00,2024-01-08 20:00:00,367,Platinum
CUST-0768,10,11918.51,1191.851,44,2023-05-17 12:00:00,2024-01-07 00:00:00,234,Platinum
CUST-0530,12,11901.69,991.8075,50,2023-04-21 15:00:00,2024-02-19 20:00:00,304,Platinum
CUST-0753,11,11900.43,1081.8572727272729,57,2023-03-31 00:00:00,2024-01-17 02:00:00,292,Platinum
CUST-0518,10,11892.939999999999,1189.2939999999999,59,2023-01-20 15:00:00,2024-01-31 19:00:00,376,Platinum
CUST-0382,9,11889.539999999999,1321.06,49,2023-04-10 03:00:00,2024-02-18 05:00:00,314,Platinum
CUST-0262,8,11862.31,1482.78875,41,2023-04-03 23:00:00,2023-11-19 02:00:00,229,Platinum
CUST-0190,12,11843.3,986.9416666666666,61,2023-01-02 23:00:00,2023-12-04 16:00:00,335,Platinum
CUST-0089,8,11820.619999999999,1477.5774999999999,48,2023-03-01 21:00:00,2024-01-08 13:00:00,312,Platinum
CUST-0446,11,11785.52,1071.4109090909092,55,2023-02-13 22:00:00,2024-02-17 12:00:00,368,Platinum
CUST-0519,9,11782.1,1309.1222222222223,53,2023-02-05 01:00:00,2024-01-14 00:00:00,342,Platinum
CUST-0806,12,11772.56,981.0466666666666,56,2023-01-02 02:00:00,2024-02-13 20:00:00,407,Platinum
CUST-0267,9,11770.02,1307.78,43,2023-04-01 14:00:00,2024-02-15 10:00:00,319,Platinum
CUST-0798,10,11754.27,1175.4270000000001,56,2023-01-10 12:00:00,2024-01-22 18:00:00,377,Platinum
CUST-0504,11,11735.73,1066.8845454545453,46,2023-01-18 14:00:00,2023-11-15 11:00:00,300,Platinum
CUST-0838,9,11725.8,1302.8666666666666,50,2023-01-24 16:00:00,2024-01-28 20:00:00,369,Platinum
CUST-0878,9,11699.65,1299.961111111111,47,2023-01-17 22:00:00,2024-01-20 15:00:00,367,Platinum
CUST-0151,6,11679.61,1946.6016666666667,41,2023-01-15 19:00:00,2024-01-08 06:00:00,357,Platinum
CUST-0560,11,11658.25,1059.840909090909,49,2023-01-26 23:00:00,2024-02-11 23:00:00,381,Platinum
CUST-0337,9,11637.16,1293.0177777777778,48,2023-02-20 02:00:00,2024-02-10 09:00:00,355,Platinum
CUST-0902,12,11610.29,967.5241666666667,56,2023-02-27 02:00:00,2024-01-29 09:00:00,336,Platinum
CUST-0575,15,11603.73,773.582,73,2023-01-09 02:00:00,2024-02-08 22:00:00,395,Platinum
CUST-0324,11,11597.849999999999,1054.35,62,2023-03-05 03:00:00,2024-01-10 03:00:00,311,Platinum
CUST-0112,13,11590.41,891.5699999999999,51,2023-01-17 14:00:00,2024-02-16 02:00:00,394,Platinum
CUST-0762,9,11590.13,1287.792222222222,43,2023-01-28 20:00:00,2024-02-15 18:00:00,382,Platinum
CUST-0412,9,11585.94,1287.3266666666668,52,2023-04-06 22:00:00,2023-12-21 01:00:00,258,Platinum
CUST-0304,11,11566.93,1051.5390909090909,48,2023-01-16 09:00:00,2024-02-10 11:00:00,390,Platinum
CUST-0894,9,11561.14,1284.5711111111111,48,2023-02-26 19:00:00,2024-02-19 10:00:00,357,Platinum
CUST-0180,10,11555.46,1155.5459999999998,50,2023-01-29 02:00:00,2024-02-19 08:00:00,386,Platinum
CUST-0787,13,11554.17,888.7823076923077,69,2023-01-26 01:00:00,2024-02-06 14:00:00,376,Platinum
CUST-0709,10,11551.77,1155.1770000000001,52,2023-02-11 07:00:00,2024-01-19 23:00:00,342,Platinum
CUST-0404,7,11539.130000000001,1648.447142857143,37,2023-01-16 22:00:00,2024-02-05 07:00:00,384,Platinum
CUST-0250,8,11538.11,1442.26375,43,2023-02-14 09:00:00,2023-11-03 00:00:00,261,Platinum
CUST-0181,8,11536.11,1442.01375,41,2023-01-21 00:00:00,2023-12-13 13:00:00,326,Platinum
CUST-0646,12,11534.11,961.1758333333333,60,2023-01-10 06:00:00,2024-01-04 15:00:00,359,Platinum
CUST-0296,12,11524.69,960.3908333333334,55,2023-01-05 18:00:00,2024-01-23 05:00:00,382,Platinum
CUST-0220,14,11517.33,822.6664285714286,65,2023-01-12 22:00:00,2023-12-21 03:00:00,342,Platinum
CUST-0191,13,11485.76,883.52,71,2023-01-21 06:00:00,2024-02-01 10:00:00,376,Platinum
CUST-0593,8,11478.99,1434.87375,38,2023-01-06 23:00:00,2024-01-19 10:00:00,377,Platinum
CUST-0683,7,11436.89,1633.8414285714284,36,2023-03-06 17:00:00,2023-12-19 13:00:00,287,Platinum
CUST-0681,11,11425.16,1038.6509090909092,50,2023-01-18 05:00:00,2024-01-31 03:00:00,377,Platinum
CUST-0610,16,11424.94,714.05875,64,2023-01-14 02:00:00,2024-02-09 18:00:00,391,Platinum
CUST-0948,7,11416.310000000001,1630.9014285714288,49,2023-02-03 16:00:00,2024-02-05 23:00:00,367,Platinum
CUST-0227,13,11405.75,877.3653846153846,63,2023-01-17 13:00:00,2023-10-28 05:00:00,283,Platinum
CUST-0199,8,11405.23,1425.65375,48,2023-04-12 01:00:00,2024-02-08 16:00:00,302,Platinum
CUST-0899,13,11405.03,877.3100000000001,56,2023-02-24 17:00:00,2024-02-10 18:00:00,351,Platinum
CUST-0632,7,11403.99,1629.1414285714286,42,2023-03-16 19:00:00,2023-09-23 17:00:00,190,Platinum
CUST-0599,9,11401.67,1266.8522222222223,40,2023-03-18 16:00:00,2024-01-30 12:00:00,317,Platinum
CUST-0863,7,11356.619999999999,1622.3742857142856,43,2023-01-05 10:00:00,2023-12-20 22:00:00,349,Platinum
CUST-0660,14,11355.45,811.1035714285715,53,2023-01-14 17:00:00,2024-01-19 15:00:00,369,Platinum
CUST-0472,7,11344.26,1620.6085714285714,42,2023-01-06 19:00:00,2024-02-13 11:00:00,402,Platinum
CUST-0955,11,11338.14,1030.74,47,2023-01-14 19:00:00,2023-12-19 21:00:00,339,Platinum
CUST-0952,12,11333.19,944.4325,72,2023-01-12 16:00:00,2024-02-18 11:00:00,401,Platinum
CUST-0383,10,11262.67,1126.267,47,2023-04-17 06:00:00,2024-01-14 20:00:00,272,Platinum
CUST-0206,13,11261.66,866.2815384615385,61,2023-01-04 12:00:00,2024-01-28 07:00:00,388,Platinum
CUST-0820,11,11209.01,1019.0009090909091,71,2023-01-15 05:00:00,2024-01-26 17:00:00,376,Platinum
CUST-0063,10,11204.119999999999,1120.4119999999998,55,2023-01-06 20:00:00,2023-11-20 11:00:00,317,Platinum
CUST-0003,9,11187.32,1243.0355555555554,50,2023-02-21 06:00:00,2024-01-15 03:00:00,327,Platinum
CUST-0061,7,11187.21,1598.172857142857,29,2023-02-18 12:00:00,2024-01-27 07:00:00,342,Platinum
CUST-0977,8,11174.11,1396.76375,39,2023-02-12 22:00:00,2024-01-22 12:00:00,343,Platinum
CUST-0349,13,11160.47,858.4976923076922,53,2023-01-14 15:00:00,2024-01-17 11:00:00,367,Platinum
CUST-0406,9,11159.08,1239.8977777777777,49,2023-03-20 21:00:00,2023-10-22 15:00:00,215,Platinum
CUST-0053,11,11154.01,1014.0009090909091,52,2023-01-06 00:00:00,2023-12-21 16:00:00,349,Platinum
CUST-0002,9,11151.44,1239.048888888889,56,2023-01-04 18:00:00,2024-02-15 16:00:00,406,Platinum
CUST-0014,10,11150.42,1115.042,55,2023-01-03 20:00:00,2024-02-13 17:00:00,405,Platinum
CUST-0380,10,11138.119999999999,1113.812,49,2023-01-06 06:00:00,2024-02-10 12:00:00,400,Platinum
CUST-0237,13,11136.91,856.6853846153846,61,2023-01-27 02:00:00,2024-01-13 22:00:00,351,Platinum
CUST-0070,8,11122.48,1390.31,48,2023-02-06 05:00:00,2024-02-18 02:00:00,376,Platinum
CUST-0587,7,11116.279999999999,1588.0399999999997,51,2023-01-17 05:00:00,2024-01-09 10:00:00,357,Platinum
CUST-0448,7,11090.06,1584.2942857142857,47,2023-03-03 08:00:00,2024-01-19 16:00:00,322,Platinum
CUST-0846,9,11076.61,1230.7344444444445,47,2023-05-19 06:00:00,2024-01-23 19:00:00,249,Platinum
CUST-0780,8,11074.37,1384.29625,40,2023-01-07 13:00:00,2024-02-14 11:00:00,402,Platinum
CUST-0203,8,11070.16,1383.77,44,2023-01-13 17:00:00,2023-12-16 23:00:00,337,Platinum
CUST-0620,12,11061.23,921.7691666666666,65,2023-01-10 09:00:00,2024-02-09 07:00:00,394,Platinum
CUST-0083,9,11057.25,1228.5833333333333,37,2023-02-13 11:00:00,2024-01-24 19:00:00,345,Platinum
CUST-0650,12,11051.56,920.9633333333333,53,2023-02-27 07:00:00,2023-12-14 05:00:00,289,Platinum
CUST-0175,10,11050.59,1105.059,42,2023-03-11 23:00:00,2023-12-27 06:00:00,290,Platinum
CUST-0045,7,11045.43,1577.9185714285716,45,2023-07-27 02:00:00,2024-01-29 10:00:00,186,Platinum
CUST-0884,13,11034.6,848.8153846153847,63,2023-01-14 01:00:00,2024-01-17 01:00:00,368,Platinum
CUST-0813,10,11026.91,1102.691,53,2023-01-06 11:00:00,2024-01-01 09:00:00,359,Platinum
CUST-0992,9,10986.96,1220.7733333333333,51,2023-01-25 07:00:00,2023-12-26 00:00:00,334,Platinum
CUST-0721,10,10976.18,1097.618,64,2023-03-17 00:00:00,2024-02-01 23:00:00,321,Platinum
CUST-0084,14,10949.22,782.0871428571428,49,2023-03-10 11:00:00,2024-02-12 02:00:00,338,Platinum
CUST-0824,9,10938.83,1215.4255555555555,51,2023-02-07 19:00:00,2024-01-07 22:00:00,334,Platinum
CUST-0583,7,10937.029999999999,1562.432857142857,49,2023-05-05 21:00:00,2024-01-31 22:00:00,271,Platinum
CUST-0428,10,10935.55,1093.5549999999998,60,2023-01-04 07:00:00,2023-12-28 01:00:00,357,Platinum
CUST-0043,11,10925.84,993.2581818181818,49,2023-01-30 16:00:00,2024-01-31 11:00:00,365,Platinum
CUST-0760,6,10914.19,1819.0316666666668,40,2023-06-13 21:00:00,2023-09-04 07:00:00,82,Platinum
CUST-0951,8,10901.23,1362.65375,37,2023-01-26 04:00:00,2024-01-24 23:00:00,363,Platinum
CUST-0861,8,10889.1,1361.1375,40,2023-01-01 02:00:00,2023-11-21 00:00:00,323,Platinum
CUST-0179,10,10883.01,1088.301,48,2023-03-03 05:00:00,2024-01-26 23:00:00,329,Platinum
CUST-0606,11,10867.74,987.9763636363637,46,2023-02-25 11:00:00,2023-12-26 16:00:00,304,Platinum
CUST-0672,13,10860.16,835.396923076923,65,2023-01-11 22:00:00,2023-12-25 20:00:00,347,Platinum
CUST-0256,10,10853.72,1085.3719999999998,63,2023-01-21 12:00:00,2024-01-16 23:00:00,360,Platinum
CUST-0105,7,10849.61,1549.9442857142858,37,2023-02-12 14:00:00,2024-01-21 11:00:00,342,Platinum
CUST-0004,5,10840.27,2168.054,37,2023-02-25 06:00:00,2023-11-26 09:00:00,274,Platinum
CUST-0775,5,10829.97,2165.9939999999997,31,2023-03-15 00:00:00,2024-02-07 08:00:00,329,Platinum
CUST-0935,9,10821.4,1202.3777777777777,47,2023-02-04 05:00:00,2024-01-19 06:00:00,349,Platinum
CUST-0845,8,10818.68,1352.335,35,2023-02-26 23:00:00,2023-12-29 13:00:00,305,Platinum
CUST-0708,8,10816.3,1352.0375,45,2023-05-11 04:00:00,2024-01-22 22:00:00,256,Platinum
CUST-0288,13,10813.119999999999,831.7784615384614,66,2023-01-22 01:00:00,2023-11-25 10:00:00,307,Platinum
CUST-0178,8,10802.98,1350.3725,38,2023-02-10 05:00:00,2023-12-15 06:00:00,308,Platinum
CUST-0855,12,10778.66,898.2216666666667,59,2023-01-13 00:00:00,2024-02-16 22:00:00,399,Platinum
CUST-0637,9,10757.79,1195.3100000000002,44,2023-03-02 06:00:00,2024-02-15 08:00:00,350,Platinum
CUST-0082,10,10750.94,1075.094,45,2023-03-15 11:00:00,2024-02-04 22:00:00,326,Platinum
CUST-0517,13,10718.03,824.4638461538462,67,2023-02-05 11:00:00,2023-11-24 02:00:00,291,Platinum
CUST-0251,13,10704.99,823.4607692307692,47,2023-02-11 15:00:00,2024-02-21 14:00:00,374,Platinum
CUST-0261,10,10687.35,1068.7350000000001,42,2023-02-27 05:00:00,2024-01-06 04:00:00,312,Platinum
CUST-0157,10,10680.97,1068.097,46,2023-01-06 09:00:00,2024-02-08 02:00:00,397,Platinum
CUST-0934,10,10671.619999999999,1067.1619999999998,51,2023-02-07 21:00:00,2023-10-30 20:00:00,264,Platinum
CUST-0369,10,10668.11,1066.8110000000001,43,2023-02-07 17:00:00,2024-01-24 14:00:00,350,Platinum
CUST-0866,13,10666.91,820.5315384615385,52,2023-03-22 15:00:00,2024-02-15 05:00:00,329,Platinum
CUST-0502,7,10660.65,1522.95,46,2023-02-10 13:00:00,2024-01-17 14:00:00,341,Platinum
CUST-0021,11,10659.73,969.0663636363636,42,2023-01-01 07:00:00,2024-01-12 20:00:00,376,Platinum
CUST-0960,8,10653.14,1331.6425,37,2023-04-12 04:00:00,2024-02-01 13:00:00,295,Platinum
CUST-0534,8,10650.14,1331.2675,49,2023-02-18 22:00:00,2024-01-25 05:00:00,340,Platinum
CUST-0731,10,10639.77,1063.977,39,2023-03-19 01:00:00,2024-01-14 03:00:00,301,Platinum
CUST-0526,14,10611.82,757.9871428571429,52,2023-02-08 23:00:00,2024-02-16 09:00:00,372,Platinum
CUST-0687,11,10588.77,962.6154545454546,47,2023-01-03 01:00:00,2024-02-19 21:00:00,412,Platinum
CUST-0098,9,10555.16,1172.7955555555554,53,2023-02-15 20:00:00,2024-01-17 12:00:00,335,Platinum
CUST-0739,9,10532.68,1170.2977777777778,50,2023-01-08 05:00:00,2024-01-14 22:00:00,371,Platinum
CUST-0007,11,10501.24,954.6581818181818,43,2023-02-21 05:00:00,2024-01-11 11:00:00,324,Platinum
CUST-0452,11,10488.44,953.4945454545455,48,2023-03-14 12:00:00,2024-01-28 06:00:00,319,Platinum
CUST-0120,11,10474.32,952.210909090909,53,2023-01-17 01:00:00,2024-02-17 22:00:00,396,Platinum
CUST-0911,9,10469.58,1163.2866666666666,42,2023-02-27 21:00:00,2023-11-21 16:00:00,266,Platinum
CUST-0608,11,10468.49,951.680909090909,59,2023-01-11 23:00:00,2024-01-28 11:00:00,381,Platinum
CUST-0910,7,10468.36,1495.48,36,2023-02-15 09:00:00,2023-12-20 23:00:00,308,Platinum
CUST-0819,9,10431.689999999999,1159.0766666666666,42,2023-01-03 11:00:00,2024-02-01 12:00:00,394,Platinum
CUST-0807,10,10421.9,1042.19,47,2023-01-12 10:00:00,2023-12-21 21:00:00,343,Platinum
CUST-0744,8,10420.210000000001,1302.5262500000001,49,2023-03-20 13:00:00,2023-12-30 06:00:00,284,Platinum
CUST-0223,11,10414.68,946.789090909091,56,2023-01-29 03:00:00,2023-10-15 21:00:00,259,Platinum
CUST-0691,12,10405.46,867.1216666666666,45,2023-01-09 01:00:00,2024-01-24 03:00:00,380,Platinum
CUST-0020,9,10398.599999999999,1155.3999999999999,52,2023-01-23 10:00:00,2024-02-16 20:00:00,389,Platinum
CUST-0532,10,10389.9,1038.99,39,2023-02-08 17:00:00,2024-01-24 06:00:00,349,Platinum
CUST-0005,9,10379.33,1153.2588888888888,36,2023-01-08 11:00:00,2023-11-09 06:00:00,304,Platinum
CUST-0688,11,10370.09,942.7354545454546,46,2023-01-18 22:00:00,2024-01-12 19:00:00,358,Platinum
CUST-0537,15,10359.2,690.6133333333333,70,2023-02-22 09:00:00,2024-02-07 19:00:00,350,Platinum
CUST-0653,11,10336.83,939.7118181818182,59,2023-02-05 03:00:00,2024-01-07 12:00:00,336,Platinum
CUST-0888,12,10316.94,859.745,65,2023-03-06 22:00:00,2024-02-05 09:00:00,335,Platinum
CUST-0984,15,10310.96,687.3973333333332,63,2023-02-16 08:00:00,2024-02-18 07:00:00,366,Platinum
CUST-0893,10,10304.39,1030.4389999999999,49,2023-04-01 07:00:00,2024-02-20 11:00:00,325,Platinum
CUST-0655,10,10289.49,1028.949,57,2023-01-09 14:00:00,2023-11-08 10:00:00,302,Platinum
CUST-0597,7,10246.210000000001,1463.7442857142858,36,2023-05-09 17:00:00,2024-01-19 05:00:00,254,Platinum
CUST-0222,9,10237.81,1137.5344444444445,43,2023-03-12 05:00:00,2024-01-17 00:00:00,310,Platinum
CUST-0950,8,10236.36,1279.545,37,2023-03-08 03:00:00,2023-12-19 09:00:00,286,Platinum
CUST-0943,10,10211.300000000001,1021.1300000000001,49,2023-01-04 10:00:00,2024-02-21 01:00:00,412,Platinum
CUST-0674,10,10208.98,1020.8979999999999,53,2023-02-14 10:00:00,2024-02-11 04:00:00,361,Platinum
CUST-0722,8,10203.71,1275.46375,42,2023-03-26 18:00:00,2024-01-11 01:00:00,290,Platinum
CUST-0854,8,10190.05,1273.75625,42,2023-01-22 03:00:00,2024-02-16 14:00:00,390,Platinum
CUST-0834,9,10171.91,1130.2122222222222,35,2023-01-23 22:00:00,2024-01-20 02:00:00,361,Platinum
CUST-0320,9,10154.84,1128.3155555555556,58,2023-02-23 13:00:00,2023-12-13 19:00:00,293,Platinum
CUST-0750,8,10149.92,1268.74,50,2023-01-19 05:00:00,2023-12-27 21:00:00,342,Platinum
CUST-0316,7,10146.61,1449.5157142857145,32,2023-01-03 19:00:00,2023-11-28 03:00:00,328,Platinum
CUST-0460,10,10141.45,1014.1450000000001,48,2023-01-02 08:00:00,2024-02-16 07:00:00,409,Platinum
CUST-0457,10,10126.11,1012.6110000000001,54,2023-02-01 07:00:00,2024-02-10 04:00:00,373,Platinum
CUST-0312,6,10105.84,1684.3066666666666,34,2023-02-21 03:00:00,2024-01-13 16:00:00,326,Platinum
CUST-0959,9,10103.77,1122.641111111111,55,2023-01-24 01:00:00,2023-11-15 03:00:00,295,Platinum
CUST-0372,5,10103.560000000001,2020.7120000000002,28,2023-03-25 09:00:00,2024-01-15 04:00:00,295,Platinum
CUST-0438,12,10095.26,841.2716666666666,55,2023-01-19 11:00:00,2024-02-16 11:00:00,393,Platinum
CUST-0263,7,10088.91,1441.2728571428572,37,2023-01-16 00:00:00,2023-12-10 11:00:00,328,Platinum
CUST-0682,10,10063.94,1006.394,42,2023-01-02 18:00:00,2024-02-01 11:00:00,394,Platinum
CUST-0679,8,10053.9,1256.7375,36,2023-06-19 06:00:00,2024-02-16 19:00:00,242,Platinum
CUST-0503,12,10050.23,837.5191666666666,39,2023-01-07 17:00:00,2024-02-13 16:00:00,401,Platinum
CUST-0040,10,10047.929999999998,1004.7929999999999,46,2023-02-24 20:00:00,2023-10-18 14:00:00,235,Platinum
CUST-0491,8,9990.71,1248.83875,44,2023-03-14 10:00:00,2024-01-04 22:00:00,296,Gold
CUST-0764,9,9990.17,1110.0188888888888,44,2023-01-06 04:00:00,2023-08-18 06:00:00,224,Gold
CUST-0352,9,9983.130000000001,1109.2366666666667,42,2023-04-19 04:00:00,2024-02-18 15:00:00,305,Gold
CUST-0066,8,9936.08,1242.01,39,2023-04-23 06:00:00,2023-12-27 02:00:00,247,Gold
CUST-0329,7,9909.699999999999,1415.6714285714284,37,2023-02-27 17:00:00,2024-01-05 09:00:00,311,Gold
CUST-0942,10,9908.25,990.825,58,2023-05-02 10:00:00,2023-12-16 14:00:00,228,Gold
CUST-0215,10,9906.84,990.684,52,2023-01-01 11:00:00,2024-02-02 13:00:00,397,Gold
CUST-0397,10,9875.42,987.542,48,2023-01-30 19:00:00,2024-02-14 15:00:00,379,Gold
CUST-0126,11,9867.12,897.0109090909092,59,2023-02-06 18:00:00,2024-02-01 04:00:00,359,Gold
CUST-0859,10,9863.83,986.383,51,2023-02-16 00:00:00,2023-12-31 07:00:00,318,Gold
CUST-0419,11,9863.24,896.6581818181818,51,2023-01-07 02:00:00,2023-12-29 20:00:00,356,Gold
CUST-0177,12,9862.86,821.9050000000001,63,2023-02-02 17:00:00,2024-02-20 18:00:00,383,Gold
CUST-0601,13,9854.33,758.0253846153846,51,2023-01-03 18:00:00,2024-02-21 04:00:00,413,Gold
CUST-0149,10,9840.74,984.074,44,2023-02-08 07:00:00,2024-02-13 05:00:00,369,Gold
CUST-0377,8,9832.83,1229.10375,39,2023-01-10 23:00:00,2023-12-15 22:00:00,338,Gold
CUST-0447,9,9824.83,1091.6477777777777,43,2023-01-27 09:00:00,2024-02-15 11:00:00,384,Gold
CUST-0873,9,9817.34,1090.8155555555556,48,2023-02-02 05:00:00,2024-01-28 23:00:00,360,Gold
CUST-0044,10,9800.550000000001,980.0550000000001,43,2023-03-22 19:00:00,2024-01-29 18:00:00,312,Gold
CUST-0440,10,9794.47,979.4469999999999,45,2023-03-28 02:00:00,2024-01-26 04:00:00,304,Gold
CUST-0194,13,9787.08,752.8523076923077,59,2023-02-05 10:00:00,2024-02-20 20:00:00,380,Gold
CUST-0651,8,9769.48,1221.185,46,2023-05-27 12:00:00,2024-02-15 19:00:00,264,Gold
CUST-0035,10,9747.92,974.792,42,2023-01-04 11:00:00,2024-01-13 18:00:00,374,Gold
CUST-0028,9,9736.98,1081.8866666666665,51,2023-01-07 09:00:00,2024-01-01 19:00:00,359,Gold
CUST-0971,13,9733.48,748.7292307692308,60,2023-02-09 10:00:00,2023-12-06 01:00:00,299,Gold
CUST-0978,9,9733.18,1081.4644444444446,44,2023-02-01 14:00:00,2023-11-18 15:00:00,290,Gold
CUST-0796,11,9720.8,883.7090909090908,58,2023-01-10 00:00:00,2023-12-25 10:00:00,349,Gold
CUST-0292,6,9719.04,1619.8400000000001,35,2023-03-05 12:00:00,2024-02-02 07:00:00,333,Gold
CUST-0373,6,9717.12,1619.5200000000002,41,2023-01-01 15:00:00,2024-02-11 19:00:00,406,Gold
CUST-0108,10,9702.17,970.217,59,2023-03-22 10:00:00,2024-01-28 02:00:00,311,Gold
CUST-0266,8,9675.44,1209.43,33,2023-03-28 06:00:00,2024-02-17 21:00:00,326,Gold
CUST-0890,10,9675.16,967.516,34,2023-03-31 14:00:00,2024-01-30 09:00:00,304,Gold
CUST-0767,8,9672.81,1209.10125,43,2023-01-08 14:00:00,2023-10-03 16:00:00,268,Gold
CUST-0326,9,9665.93,1073.9922222222222,48,2023-01-14 13:00:00,2023-12-06 20:00:00,326,Gold
CUST-0100,7,9653.39,1379.0557142857142,34,2023-01-01 16:00:00,2023-09-07 14:00:00,248,Gold
CUST-0769,9,9649.130000000001,1072.1255555555556,48,2023-01-08 10:00:00,2024-02-14 10:00:00,402,Gold
CUST-0541,9,9647.869999999999,1071.9855555555555,42,2023-01-09 16:00:00,2023-12-18 22:00:00,343,Gold
CUST-0885,10,9644.64,964.4639999999999,41,2023-01-27 03:00:00,2024-02-07 06:00:00,376,Gold
CUST-0480,12,9637.59,803.1325,43,2023-07-02 17:00:00,2024-02-11 22:00:00,224,Gold
CUST-0641,7,9633.65,1376.2357142857143,37,2023-01-15 13:00:00,2024-01-04 01:00:00,353,Gold
CUST-0122,10,9630.78,963.0780000000001,41,2023-01-01 09:00:00,2024-01-25 20:00:00,389,Gold
CUST-0707,4,9624.23,2406.0575,27,2023-03-15 20:00:00,2024-01-09 06:00:00,299,Gold
CUST-0756,6,9594.26,1599.0433333333333,33,2023-08-09 00:00:00,2024-02-18 14:00:00,193,Gold
CUST-0088,11,9585.6,871.4181818181819,63,2023-01-01 14:00:00,2024-02-20 09:00:00,414,Gold
CUST-0763,10,9569.54,956.9540000000001,43,2023-02-14 23:00:00,2024-01-23 21:00:00,342,Gold
CUST-0569,8,9560.23,1195.02875,50,2023-02-03 23:00:00,2024-01-26 10:00:00,356,Gold
CUST-0843,8,9548.87,1193.60875,33,2023-02-04 14:00:00,2024-02-19 04:00:00,379,Gold
CUST-0395,8,9532.67,1191.58375,45,2023-04-02 08:00:00,2023-09-30 09:00:00,181,Gold
CUST-0982,8,9527.58,1190.9475,38,2023-01-14 04:00:00,2024-01-24 20:00:00,375,Gold
CUST-0050,9,9512.47,1056.941111111111,36,2023-05-07 19:00:00,2024-01-15 22:00:00,253,Gold
CUST-0068,7,9502.48,1357.4971428571428,44,2023-06-17 22:00:00,2024-02-09 01:00:00,236,Gold
CUST-0715,9,9492.130000000001,1054.6811111111112,50,2023-02-25 19:00:00,2024-02-04 06:00:00,343,Gold
CUST-0094,5,9477.6,1895.52,32,2023-01-28 03:00:00,2024-02-04 03:00:00,372,Gold
CUST-0317,8,9458.2,1182.275,41,2023-04-16 08:00:00,2024-01-15 13:00:00,274,Gold
CUST-0850,13,9450.789999999999,726.9838461538461,61,2023-02-15 21:00:00,2024-02-14 22:00:00,364,Gold
CUST-0286,6,9450.48,1575.08,39,2023-03-11 15:00:00,2024-01-25 03:00:00,319,Gold
CUST-0445,12,9432.71,786.0591666666666,56,2023-02-02 20:00:00,2024-01-18 12:00:00,349,Gold
CUST-0905,11,9424.42,856.7654545454545,41,2023-03-07 06:00:00,2024-02-17 00:00:00,346,Gold
CUST-0466,7,9422.45,1346.064285714286,40,2023-02-18 18:00:00,2023-12-31 10:00:00,315,Gold
CUST-0117,13,9420.56,724.6584615384616,52,2023-01-26 08:00:00,2024-02-04 00:00:00,373,Gold
CUST-0864,11,9418.55,856.2318181818181,58,2023-01-15 03:00:00,2024-01-04 19:00:00,354,Gold
CUST-0811,8,9418.54,1177.3175,40,2023-01-22 15:00:00,2024-02-08 12:00:00,381,Gold
CUST-0049,11,9415.83,855.9845454545455,52,2023-01-20 06:00:00,2024-02-06 23:00:00,382,Gold
CUST-0939,10,9397.68,939.768,44,2023-03-09 10:00:00,2024-01-18 22:00:00,315,Gold
CUST-0913,10,9391.81,939.1809999999999,50,2023-02-04 22:00:00,2024-02-14 04:00:00,374,Gold
CUST-0582,13,9383.880000000001,721.8369230769232,43,2023-02-24 03:00:00,2024-01-23 06:00:00,333,Gold
CUST-0795,9,9375.779999999999,1041.753333333333,49,2023-01-08 17:00:00,2023-12-03 22:00:00,329,Gold
CUST-0334,11,9372.34,852.0309090909091,43,2023-02-28 09:00:00,2024-02-08 15:00:00,345,Gold
CUST-0212,8,9367.81,1170.97625,40,2023-02-22 12:00:00,2024-02-16 01:00:00,358,Gold
CUST-0696,10,9356.25,935.625,48,2023-02-18 03:00:00,2024-02-06 19:00:00,353,Gold
CUST-0907,7,9344.24,1334.8914285714286,40,2023-01-14 05:00:00,2023-11-26 06:00:00,316,Gold
CUST-0713,6,9343.24,1557.2066666666667,31,2023-03-21 19:00:00,2024-01-19 22:00:00,304,Gold
CUST-0282,8,9331.67,1166.45875,34,2023-02-12 04:00:00,2024-02-09 20:00:00,362,Gold
CUST-0531,6,9299.13,1549.8549999999998,34,2023-02-06 16:00:00,2024-02-05 21:00:00,364,Gold
CUST-0408,9,9298.82,1033.2022222222222,47,2023-01-23 02:00:00,2024-02-07 13:00:00,380,Gold
CUST-0211,10,9293.619999999999,929.3619999999999,42,2023-05-27 15:00:00,2024-01-29 07:00:00,246,Gold
CUST-0474,12,9286.83,773.9025,49,2023-01-26 07:00:00,2024-01-23 18:00:00,362,Gold
CUST-0210,11,9275.86,843.2600000000001,52,2023-03-06 11:00:00,2024-02-21 08:00:00,351,Gold
CUST-0411,6,9269.02,1544.8366666666668,38,2023-01-11 10:00:00,2024-01-24 08:00:00,377,Gold
CUST-0033,6,9234.62,1539.1033333333335,34,2023-01-07 15:00:00,2023-12-18 09:00:00,344,Gold
CUST-0994,10,9223.61,922.3610000000001,47,2023-02-16 03:00:00,2023-12-26 07:00:00,313,Gold
CUST-0246,10,9219.46,921.9459999999999,51,2023-01-22 16:00:00,2024-02-17 05:00:00,390,Gold
CUST-0986,11,9203.69,836.699090909091,48,2023-01-22 10:00:00,2024-02-02 18:00:00,376,Gold
CUST-0096,9,9203.25,1022.5833333333334,37,2023-01-09 07:00:00,2023-12-02 03:00:00,326,Gold
CUST-0668,6,9196.6,1532.7666666666667,31,2023-02-09 19:00:00,2023-10-28 17:00:00,260,Gold
CUST-0966,8,9159.24,1144.905,43,2023-02-23 19:00:00,2024-02-13 00:00:00,354,Gold
CUST-0402,8,9137.44,1142.18,38,2023-01-05 02:00:00,2024-02-20 06:00:00,411,Gold
CUST-0208,8,9136.97,1142.12125,41,2023-01-16 20:00:00,2023-12-24 05:00:00,341,Gold
CUST-0842,8,9135.09,1141.88625,49,2023-01-30 15:00:00,2024-02-17 10:00:00,382,Gold
CUST-0259,7,9130.26,1304.3228571428572,42,2023-01-11 06:00:00,2023-12-19 11:00:00,342,Gold
CUST-0967,6,9101.7,1516.95,33,2023-03-09 18:00:00,2024-01-24 18:00:00,321,Gold
CUST-0449,9,9086.83,1009.6477777777777,46,2023-02-13 23:00:00,2023-11-05 07:00:00,264,Gold
CUST-0932,9,9073.27,1008.1411111111112,44,2023-01-04 14:00:00,2023-11-23 10:00:00,322,Gold
CUST-0225,10,9066.04,906.604,42,2023-01-10 21:00:00,2023-12-31 02:00:00,354,Gold
CUST-0785,13,9053.699999999999,696.4384615384614,64,2023-01-22 11:00:00,2024-01-15 16:00:00,358,Gold
CUST-0350,8,9050.31,1131.28875,45,2023-01-25 09:00:00,2023-11-13 18:00:00,292,Gold
CUST-0209,10,9032.1,903.21,45,2023-03-17 03:00:00,2024-02-01 06:00:00,321,Gold
CUST-0742,5,9030.19,1806.038,28,2023-05-22 18:00:00,2023-12-14 11:00:00,205,Gold
CUST-0214,9,9021.79,1002.4211111111113,40,2023-02-19 18:00:00,2024-02-14 19:00:00,360,Gold
CUST-0332,7,9021.03,1288.7185714285715,38,2023-04-02 01:00:00,2023-12-01 13:00:00,243,Gold
CUST-0640,7,9016.79,1288.1128571428574,32,2023-01-10 15:00:00,2023-09-22 06:00:00,254,Gold
CUST-0892,10,9011.58,901.158,43,2023-01-08 23:00:00,2024-01-15 17:00:00,371,Gold
CUST-0298,9,9000.06,1000.0066666666667,35,2023-01-15 22:00:00,2024-02-18 18:00:00,398,Gold
CUST-0990,12,8999.41,749.9508333333333,57,2023-01-15 21:00:00,2024-01-07 02:00:00,356,Gold
CUST-0625,10,8982.86,898.2860000000001,52,2023-01-12 15:00:00,2024-01-22 00:00:00,374,Gold
CUST-0057,6,8938.64,1489.7733333333333,32,2023-06-06 04:00:00,2024-02-19 07:00:00,258,Gold
CUST-0433,7,8938.14,1276.8771428571429,31,2023-08-24 02:00:00,2024-02-06 06:00:00,166,Gold
CUST-0085,7,8932.8,1276.1142857142856,36,2023-02-13 13:00:00,2024-02-14 18:00:00,366,Gold
CUST-0048,8,8925.94,1115.7425,35,2023-01-07 16:00:00,2024-01-04 21:00:00,362,Gold
CUST-0598,9,8911.36,990.1511111111112,48,2023-03-04 04:00:00,2023-12-17 23:00:00,288,Gold
CUST-0979,6,8897.88,1482.9799999999998,31,2023-03-12 19:00:00,2024-01-09 15:00:00,302,Gold
CUST-0241,6,8872.029999999999,1478.6716666666664,25,2023-01-09 05:00:00,2024-01-24 13:00:00,380,Gold
CUST-0633,7,8871.699999999999,1267.3857142857141,41,2023-01-11 02:00:00,2023-08-01 02:00:00,202,Gold
CUST-0557,10,8869.59,886.9590000000001,45,2023-04-04 12:00:00,2024-02-04 21:00:00,306,Gold
CUST-0091,5,8820.119999999999,1764.024,27,2023-02-06 13:00:00,2023-11-03 19:00:00,270,Gold
CUST-0564,9,8819.19,979.9100000000001,41,2023-01-09 06:00:00,2023-11-06 15:00:00,301,Gold
CUST-0692,9,8796.7,977.4111111111112,35,2023-01-12 02:00:00,2023-12-29 00:00:00,350,Gold
CUST-0949,7,8778.24,1254.0342857142857,33,2023-03-29 03:00:00,2024-01-27 03:00:00,304,Gold
CUST-0975,10,8766.67,876.667,48,2023-01-11 19:00:00,2024-01-29 22:00:00,383,Gold
CUST-0886,10,8753.88,875.3879999999999,51,2023-02-08 09:00:00,2023-12-10 08:00:00,304,Gold
CUST-0826,9,8696.47,966.2744444444444,36,2023-01-31 17:00:00,2024-01-22 21:00:00,356,Gold
CUST-0568,8,8693.1,1086.6375,32,2023-04-03 15:00:00,2024-01-26 07:00:00,297,Gold
CUST-0153,8,8690.54,1086.3175,37,2023-01-17 18:00:00,2024-01-03 06:00:00,350,Gold
CUST-0774,9,8688.36,965.3733333333334,43,2023-01-25 05:00:00,2024-02-15 06:00:00,386,Gold
CUST-0591,7,8686.08,1240.8685714285714,32,2023-04-11 21:00:00,2024-01-16 11:00:00,279,Gold
CUST-0901,7,8664.48,1237.782857142857,41,2023-04-02 17:00:00,2023-11-15 08:00:00,226,Gold
CUST-0595,5,8640.17,1728.034,28,2023-02-23 06:00:00,2024-01-11 05:00:00,321,Gold
CUST-0302,14,8621.33,615.8092857142857,51,2023-01-20 23:00:00,2024-02-07 10:00:00,382,Gold
CUST-0652,8,8621.07,1077.63375,43,2023-01-16 11:00:00,2024-02-15 14:00:00,395,Gold
CUST-0167,6,8608.12,1434.6866666666667,32,2023-01-03 15:00:00,2023-08-29 00:00:00,237,Gold
CUST-0238,7,8595.74,1227.962857142857,40,2023-05-18 03:00:00,2024-02-13 23:00:00,271,Gold
CUST-0018,7,8585.84,1226.5485714285714,38,2023-01-21 15:00:00,2024-02-18 10:00:00,392,Gold
CUST-0060,7,8585.67,1226.5242857142857,36,2023-04-11 14:00:00,2023-11-30 04:00:00,232,Gold
CUST-0379,6,8575.79,1429.2983333333334,41,2023-01-07 04:00:00,2024-01-13 19:00:00,371,Gold
CUST-0835,11,8559.05,778.0954545454545,36,2023-01-30 11:00:00,2024-01-22 23:00:00,357,Gold
CUST-0868,9,8552.34,950.26,49,2023-02-26 22:00:00,2024-02-07 11:00:00,345,Gold
CUST-0995,7,8527.47,1218.2099999999998,35,2023-02-28 16:00:00,2023-11-13 01:00:00,257,Gold
CUST-0654,8,8514.28,1064.285,38,2023-01-23 15:00:00,2024-01-02 09:00:00,343,Gold
CUST-0484,5,8511.86,1702.372,27,2023-02-03 19:00:00,2024-01-14 17:00:00,344,Gold
CUST-0413,7,8500.33,1214.3328571428572,36,2023-01-31 22:00:00,2024-01-30 23:00:00,364,Gold
CUST-0991,8,8486.34,1060.7925,40,2023-03-23 11:00:00,2023-12-09 06:00:00,260,Gold
CUST-0572,9,8466.189999999999,940.6877777777777,37,2023-01-16 05:00:00,2024-01-07 23:00:00,356,Gold
CUST-0818,5,8451.32,1690.264,32,2023-01-23 00:00:00,2024-02-04 01:00:00,377,Gold
CUST-0116,10,8435.58,843.558,53,2023-01-21 05:00:00,2024-01-15 08:00:00,359,Gold
CUST-0617,7,8426.76,1203.8228571428572,42,2023-01-31 14:00:00,2024-01-31 13:00:00,364,Gold
CUST-0815,10,8425.89,842.5889999999999,40,2023-02-08 06:00:00,2023-11-09 05:00:00,273,Gold
CUST-0284,9,8422.39,935.821111111111,47,2023-01-19 19:00:00,2024-02-01 22:00:00,378,Gold
CUST-0657,11,8385.74,762.34,36,2023-01-25 22:00:00,2024-02-17 15:00:00,387,Gold
CUST-0023,8,8367.66,1045.9575,43,2023-01-28 19:00:00,2023-08-02 13:00:00,185,Gold
CUST-0410,8,8367.06,1045.8825,39,2023-02-26 03:00:00,2024-02-17 02:00:00,355,Gold
CUST-0074,7,8365.99,1195.1414285714286,34,2023-02-04 19:00:00,2024-02-02 21:00:00,363,Gold
CUST-0095,8,8361.79,1045.22375,41,2023-02-14 05:00:00,2024-01-15 15:00:00,335,Gold
CUST-0862,7,8351.130000000001,1193.0185714285715,42,2023-04-19 22:00:00,2024-02-21 10:00:00,307,Gold
CUST-0269,8,8344.69,1043.08625,34,2023-01-25 16:00:00,2023-12-26 18:00:00,335,Gold
CUST-0444,8,8338.869999999999,1042.3587499999999,34,2023-01-24 19:00:00,2024-02-02 14:00:00,373,Gold
CUST-0221,6,8334.92,1389.1533333333334,32,2023-05-02 21:00:00,2024-01-03 16:00:00,245,Gold
CUST-0155,10,8312.57,831.257,44,2023-01-22 07:00:00,2024-02-05 16:00:00,379,Gold
CUST-0914,10,8287.869999999999,828.7869999999999,30,2023-01-17 20:00:00,2024-02-04 09:00:00,382,Gold
CUST-0487,6,8284.539999999999,1380.7566666666664,27,2023-07-20 20:00:00,2024-02-08 03:00:00,202,Gold
CUST-0248,9,8277.22,919.691111111111,44,2023-05-14 01:00:00,2024-02-18 01:00:00,280,Gold
CUST-0385,7,8268.26,1181.18,31,2023-01-10 22:00:00,2023-11-07 00:00:00,300,Gold
CUST-0026,8,8258.34,1032.2925,44,2023-02-20 03:00:00,2023-12-08 16:00:00,291,Gold
CUST-0703,7,8255.039999999999,1179.2914285714285,32,2023-05-21 22:00:00,2024-01-11 08:00:00,234,Gold
CUST-0047,12,8244.48,687.04,46,2023-01-25 10:00:00,2023-11-16 17:00:00,295,Gold
CUST-0714,11,8241.26,749.2054545454546,60,2023-02-06 14:00:00,2023-11-16 12:00:00,282,Gold
CUST-0398,8,8214.75,1026.84375,37,2023-01-08 15:00:00,2024-02-09 06:00:00,396,Gold
CUST-0570,9,8209.57,912.1744444444444,32,2023-01-21 19:00:00,2023-11-08 23:00:00,291,Gold
CUST-0193,8,8199.28,1024.91,38,2023-04-28 09:00:00,2024-01-23 09:00:00,270,Gold
CUST-0745,7,8171.87,1167.41,32,2023-01-11 05:00:00,2023-09-24 05:00:00,256,Gold
CUST-0810,7,8141.870000000001,1163.1242857142859,42,2023-07-24 07:00:00,2024-02-06 13:00:00,197,Gold
CUST-0841,6,8088.97,1348.1616666666666,30,2023-01-03 14:00:00,2024-02-15 15:00:00,408,Gold
CUST-0469,7,8076.79,1153.827142857143,33,2023-02-03 18:00:00,2024-02-16 00:00:00,377,Gold
CUST-0299,4,8075.200000000001,2018.8000000000002,24,2023-09-11 10:00:00,2023-12-08 18:00:00,88,Gold
CUST-0529,9,8043.81,893.7566666666667,40,2023-03-09 08:00:00,2024-02-04 23:00:00,332,Gold
CUST-0829,7,8038.09,1148.2985714285714,37,2023-01-20 00:00:00,2024-01-30 06:00:00,375,Gold
CUST-0623,11,8032.46,730.2236363636364,44,2023-02-21 07:00:00,2024-01-06 08:00:00,319,Gold
CUST-0150,5,8011.959999999999,1602.3919999999998,33,2023-01-24 09:00:00,2024-01-28 21:00:00,369,Gold
CUST-0341,9,8011.459999999999,890.1622222222221,35,2023-01-28 12:00:00,2024-02-04 07:00:00,371,Gold
CUST-0371,10,7994.76,799.476,33,2023-03-08 05:00:00,2023-11-12 20:00:00,249,Gold
CUST-0733,9,7983.22,887.0244444444445,43,2023-02-04 12:00:00,2023-11-13 09:00:00,281,Gold
CUST-0125,8,7961.09,995.13625,38,2023-01-24 08:00:00,2024-01-28 16:00:00,369,Gold
CUST-0690,10,7960.18,796.018,49,2023-01-30 01:00:00,2024-01-14 15:00:00,349,Gold
CUST-0121,6,7938.77,1323.1283333333333,28,2023-02-19 17:00:00,2024-02-14 20:00:00,360,Gold
CUST-0972,8,7927.570000000001,990.9462500000001,50,2023-01-23 16:00:00,2024-02-18 16:00:00,391,Gold
CUST-0335,11,7926.94,720.6309090909091,44,2023-02-15 23:00:00,2024-01-16 02:00:00,334,Gold
CUST-0735,10,7903.28,790.328,43,2023-01-21 17:00:00,2024-02-14 08:00:00,388,Gold
CUST-0431,9,7897.46,877.4955555555556,33,2023-03-08 09:00:00,2024-01-24 17:00:00,322,Gold
CUST-0236,9,7891.0599999999995,876.7844444444444,42,2023-02-14 19:00:00,2024-02-16 16:00:00,366,Gold
CUST-0330,10,7885.04,788.504,41,2023-02-09 12:00:00,2024-02-15 04:00:00,370,Gold
CUST-0989,7,7872.280000000001,1124.6114285714286,33,2023-04-05 18:00:00,2024-01-25 04:00:00,294,Gold
CUST-0665,10,7856.25,785.625,36,2023-01-24 04:00:00,2024-01-08 22:00:00,349,Gold
CUST-0374,8,7849.65,981.20625,39,2023-01-11 21:00:00,2023-12-27 23:00:00,350,Gold
CUST-0434,8,7826.88,978.36,35,2023-06-23 15:00:00,2024-01-28 15:00:00,219,Gold
CUST-0639,10,7814.4,781.4399999999999,42,2023-01-22 06:00:00,2024-02-02 06:00:00,376,Gold
CUST-0830,10,7809.29,780.929,61,2023-01-12 04:00:00,2024-02-07 16:00:00,391,Gold
CUST-0478,6,7804.86,1300.81,29,2023-03-03 14:00:00,2024-02-16 18:00:00,350,Gold
CUST-0847,7,7794.719999999999,1113.5314285714285,38,2023-02-25 07:00:00,2024-01-29 17:00:00,338,Gold
CUST-0204,7,7778.53,1111.2185714285713,22,2023-01-28 07:00:00,2023-12-07 08:00:00,313,Gold
CUST-0202,9,7771.45,863.4944444444444,42,2023-01-05 06:00:00,2023-11-14 13:00:00,313,Gold
CUST-0119,9,7755.650000000001,861.7388888888889,43,2023-02-11 18:00:00,2024-02-13 22:00:00,367,Gold
CUST-0788,5,7725.95,1545.19,29,2023-05-17 10:00:00,2024-01-13 04:00:00,240,Gold
CUST-0755,7,7640.57,1091.51,33,2023-03-05 10:00:00,2023-12-02 21:00:00,272,Gold
CUST-0922,7,7638.55,1091.2214285714285,36,2023-01-06 02:00:00,2024-02-09 03:00:00,399,Gold
CUST-0576,6,7612.09,1268.6816666666666,29,2023-03-19 17:00:00,2023-11-18 10:00:00,243,Gold
CUST-0290,4,7610.7,1902.675,19,2023-07-13 20:00:00,2023-08-24 00:00:00,41,Gold
CUST-0234,5,7607.3099999999995,1521.462,29,2023-01-11 16:00:00,2023-10-12 18:00:00,274,Gold
CUST-0741,8,7593.38,949.1725,31,2023-01-26 06:00:00,2024-02-21 09:00:00,391,Gold
CUST-0403,6,7574.09,1262.3483333333334,33,2023-01-13 05:00:00,2023-09-06 17:00:00,236,Gold
CUST-0359,8,7566.41,945.80125,37,2023-01-11 07:00:00,2023-12-10 13:00:00,333,Gold
CUST-0009,6,7559.13,1259.855,34,2023-01-16 15:00:00,2024-02-12 20:00:00,392,Gold
CUST-0808,7,7558.61,1079.8014285714285,29,2023-10-14 17:00:00,2024-02-21 03:00:00,129,Gold
CUST-0205,8,7544.41,943.05125,44,2023-02-17 07:00:00,2024-02-10 07:00:00,358,Gold
CUST-0887,12,7527.389999999999,627.2824999999999,36,2023-04-09 12:00:00,2024-01-26 08:00:00,291,Gold
CUST-0844,9,7509.63,834.4033333333333,43,2023-03-05 04:00:00,2024-01-23 23:00:00,324,Gold
CUST-0464,5,7472.75,1494.55,29,2023-09-02 05:00:00,2024-02-07 22:00:00,158,Gold
CUST-0072,10,7468.62,746.862,32,2023-01-01 05:00:00,2023-12-05 14:00:00,338,Gold
CUST-0036,5,7452.43,1490.486,31,2023-01-09 17:00:00,2023-12-01 16:00:00,325,Gold
CUST-0498,8,7445.85,930.73125,37,2023-03-22 08:00:00,2024-02-02 03:00:00,316,Gold
CUST-0252,6,7416.31,1236.0516666666667,39,2023-01-05 16:00:00,2023-10-30 01:00:00,297,Gold
CUST-0092,9,7410.5599999999995,823.3955555555555,29,2023-01-04 03:00:00,2024-02-06 05:00:00,398,Gold
CUST-0695,7,7385.24,1055.0342857142857,29,2023-02-02 00:00:00,2024-02-04 10:00:00,367,Gold
CUST-0716,7,7382.6,1054.6571428571428,31,2023-04-08 05:00:00,2024-02-01 14:00:00,299,Gold
CUST-0586,10,7367.11,736.711,35,2023-04-06 17:00:00,2024-02-18 20:00:00,318,Gold
CUST-0856,8,7338.67,917.33375,35,2023-03-09 22:00:00,2023-10-28 08:00:00,232,Gold
CUST-0418,6,7292.7699999999995,1215.4616666666666,38,2023-01-31 12:00:00,2023-08-29 05:00:00,209,Gold
CUST-0510,5,7276.99,1455.398,27,2023-01-12 09:00:00,2023-10-31 15:00:00,292,Gold
CUST-0898,7,7275.43,1039.347142857143,34,2023-01-04 01:00:00,2023-11-28 02:00:00,328,Gold
CUST-0918,6,7255.68,1209.28,27,2023-04-07 15:00:00,2023-11-22 12:00:00,228,Gold
CUST-0784,8,7242.26,905.2825,29,2023-02-09 14:00:00,2024-02-11 02:00:00,366,Gold
CUST-0631,10,7232.34,723.234,50,2023-02-21 21:00:00,2024-02-13 14:00:00,356,Gold
CUST-0264,7,7232.29,1033.1842857142858,27,2023-01-24 22:00:00,2023-10-13 00:00:00,261,Gold
CUST-0743,7,7215.96,1030.8514285714286,50,2023-01-09 04:00:00,2023-12-02 23:00:00,327,Gold
CUST-0999,8,7199.95,899.99375,34,2023-01-27 07:00:00,2024-01-19 11:00:00,357,Gold
CUST-0400,8,7186.9,898.3625,42,2023-01-23 14:00:00,2023-12-02 15:00:00,313,Gold
CUST-0272,7,7176.83,1025.2614285714285,31,2023-01-27 05:00:00,2024-01-05 21:00:00,343,Gold
CUST-0870,6,7170.19,1195.0316666666665,34,2023-02-13 02:00:00,2024-01-10 13:00:00,331,Gold
CUST-0393,10,7151.51,715.1510000000001,32,2023-01-08 18:00:00,2023-11-16 00:00:00,311,Gold
CUST-0718,8,7147.66,893.4575,30,2023-02-03 03:00:00,2024-01-16 00:00:00,346,Gold
CUST-0724,7,7122.51,1017.5014285714286,33,2023-02-10 18:00:00,2024-02-08 21:00:00,363,Gold
CUST-0101,11,7102.48,645.68,38,2023-05-16 03:00:00,2024-02-04 20:00:00,264,Gold
CUST-0145,9,7075.95,786.2166666666667,31,2023-02-10 15:00:00,2023-11-10 21:00:00,273,Gold
CUST-0535,6,7068.370000000001,1178.0616666666667,34,2023-04-05 04:00:00,2024-02-12 17:00:00,313,Gold
CUST-0930,11,7054.889999999999,641.3536363636363,48,2023-01-07 14:00:00,2024-01-04 05:00:00,361,Gold
CUST-0281,7,7032.209999999999,1004.6014285714284,29,2023-02-18 04:00:00,2023-11-22 07:00:00,277,Gold
CUST-0644,8,7024.49,878.06125,41,2023-03-12 09:00:00,2023-12-16 19:00:00,279,Gold
CUST-0463,8,7008.26,876.0325,45,2023-04-02 04:00:00,2023-12-31 01:00:00,272,Gold
CUST-0424,9,6969.57,774.3966666666666,30,2023-03-11 17:00:00,2024-02-03 07:00:00,328,Gold
CUST-0746,6,6967.6,1161.2666666666667,30,2023-03-15 18:00:00,2024-02-19 01:00:00,340,Gold
CUST-0232,10,6938.3,693.83,37,2023-05-25 15:00:00,2024-02-19 16:00:00,270,Gold
CUST-0876,10,6932.62,693.262,34,2023-01-03 04:00:00,2023-11-12 19:00:00,313,Gold
CUST-0006,7,6927.66,989.6657142857142,25,2023-02-25 01:00:00,2023-11-14 15:00:00,262,Gold
CUST-0673,10,6919.78,691.978,43,2023-01-17 02:00:00,2023-12-14 14:00:00,331,Gold
CUST-0997,10,6914.01,691.4010000000001,42,2023-01-13 01:00:00,2024-02-05 19:00:00,388,Gold
CUST-0823,7,6913.48,987.64,34,2023-01-25 12:00:00,2023-09-15 07:00:00,232,Gold
CUST-0730,9,6903.8099999999995,767.0899999999999,54,2023-01-05 03:00:00,2024-02-09 11:00:00,400,Gold
CUST-0789,8,6890.030000000001,861.2537500000001,37,2023-02-18 16:00:00,2024-01-27 02:00:00,342,Gold
CUST-0857,8,6888.47,861.05875,41,2023-01-02 13:00:00,2023-11-06 16:00:00,308,Gold
CUST-0544,10,6885.23,688.5229999999999,40,2023-04-14 00:00:00,2024-02-19 00:00:00,311,Gold
CUST-0778,10,6882.1,688.21,50,2023-03-12 17:00:00,2024-02-13 18:00:00,338,Gold
CUST-0198,9,6873.98,763.7755555555555,38,2023-01-14 03:00:00,2024-01-29 06:00:00,380,Gold
CUST-0115,7,6868.45,981.2071428571428,33,2023-01-31 13:00:00,2024-01-12 08:00:00,345,Gold
CUST-0394,4,6861.38,1715.345,20,2023-02-01 05:00:00,2023-08-11 18:00:00,191,Gold
CUST-0976,9,6857.28,761.92,35,2023-01-02 21:00:00,2023-12-26 12:00:00,357,Gold
CUST-0346,7,6852.47,978.9242857142857,23,2023-01-03 23:00:00,2023-03-07 19:00:00,62,Gold
CUST-0524,11,6852.2,622.9272727272727,42,2023-02-19 04:00:00,2024-02-11 14:00:00,357,Gold
CUST-0689,9,6821.1,757.9000000000001,45,2023-02-01 11:00:00,2023-09-05 12:00:00,216,Gold
CUST-0667,7,6816.32,973.76,26,2023-02-18 08:00:00,2024-02-01 21:00:00,348,Gold
CUST-0353,6,6788.26,1131.3766666666668,28,2023-04-04 05:00:00,2023-06-23 00:00:00,79,Gold
CUST-0081,8,6778.92,847.365,30,2023-01-04 13:00:00,2024-02-15 03:00:00,406,Gold
CUST-0479,4,6771.74,1692.935,20,2023-07-14 16:00:00,2024-01-05 10:00:00,174,Gold
CUST-0747,4,6764.85,1691.2125,27,2023-04-04 23:00:00,2023-12-19 00:00:00,258,Gold
CUST-0054,11,6735.79,612.3445454545455,29,2023-01-17 00:00:00,2024-01-27 08:00:00,375,Gold
CUST-0561,12,6710.360000000001,559.1966666666667,46,2023-01-02 14:00:00,2024-02-09 09:00:00,402,Gold
CUST-0680,6,6709.43,1118.2383333333335,26,2023-06-18 13:00:00,2024-01-27 09:00:00,222,Gold
CUST-0879,6,6681.04,1113.5066666666667,30,2023-01-05 23:00:00,2023-12-22 03:00:00,350,Gold
CUST-0578,8,6670.23,833.77875,32,2023-01-10 01:00:00,2024-02-10 02:00:00,396,Gold
CUST-0621,9,6628.09,736.4544444444444,34,2023-05-10 14:00:00,2024-01-30 00:00:00,264,Gold
CUST-0874,6,6626.57,1104.4283333333333,25,2023-03-18 18:00:00,2024-02-16 06:00:00,334,Gold
CUST-0851,8,6626.4,828.3,29,2023-02-03 07:00:00,2023-10-28 15:00:00,267,Gold
CUST-0926,8,6619.85,827.48125,46,2023-03-28 07:00:00,2023-11-21 04:00:00,237,Gold
CUST-0648,10,6607.55,660.755,35,2023-01-06 18:00:00,2023-09-25 04:00:00,261,Gold
CUST-0300,4,6604.74,1651.185,18,2023-02-26 00:00:00,2023-11-24 12:00:00,271,Gold
CUST-0488,10,6603.15,660.3149999999999,44,2023-01-27 01:00:00,2024-01-19 21:00:00,357,Gold
CUST-0566,11,6574.22,597.6563636363636,37,2023-01-04 20:00:00,2024-01-12 21:00:00,373,Gold
CUST-0308,9,6567.97,729.7744444444445,45,2023-02-16 04:00:00,2024-02-07 04:00:00,356,Gold
CUST-0916,8,6565.570000000001,820.6962500000001,32,2023-01-18 13:00:00,2023-11-24 03:00:00,309,Gold
CUST-0423,6,6548.57,1091.4283333333333,38,2023-05-23 01:00:00,2023-12-18 16:00:00,209,Gold
CUST-0924,9,6509.85,723.3166666666667,44,2023-04-19 09:00:00,2024-02-09 22:00:00,296,Gold
CUST-0306,7,6488.72,926.96,29,2023-02-15 19:00:00,2024-02-16 17:00:00,365,Gold
CUST-0896,6,6446.5599999999995,1074.4266666666665,33,2023-01-17 21:00:00,2023-06-25 07:00:00,158,Gold
CUST-0360,9,6443.08,715.8977777777777,44,2023-02-18 01:00:00,2023-11-05 08:00:00,260,Gold
CUST-0996,7,6415.31,916.4728571428572,35,2023-01-05 08:00:00,2024-02-10 00:00:00,400,Gold
CUST-0291,8,6409.63,801.20375,47,2023-03-01 08:00:00,2024-01-18 15:00:00,323,Gold
CUST-0159,9,6407.21,711.9122222222222,33,2023-03-04 14:00:00,2023-11-25 00:00:00,265,Gold
CUST-0328,7,6395.96,913.7085714285714,31,2023-03-13 16:00:00,2024-01-13 02:00:00,305,Gold
CUST-0793,8,6387.71,798.46375,37,2023-01-21 16:00:00,2023-11-28 09:00:00,310,Gold
CUST-0427,11,6377.7,579.790909090909,42,2023-01-30 08:00:00,2024-02-03 01:00:00,368,Gold
CUST-0470,5,6361.91,1272.382,19,2023-01-19 02:00:00,2024-01-23 07:00:00,369,Gold
CUST-0737,6,6354.1,1059.0166666666667,29,2023-04-21 19:00:00,2023-11-28 16:00:00,220,Gold
CUST-0358,7,6304.15,900.592857142857,26,2023-02-09 16:00:00,2023-12-13 09:00:00,306,Gold
CUST-0827,9,6301.84,700.2044444444444,37,2023-01-11 20:00:00,2024-01-13 01:00:00,366,Gold
CUST-0875,7,6291.29,898.7557142857142,35,2023-06-13 08:00:00,2024-02-06 22:00:00,238,Gold
CUST-0046,6,6272.04,1045.34,33,2023-02-19 06:00:00,2024-02-07 09:00:00,353,Gold
CUST-0016,8,6259.84,782.48,29,2023-01-29 12:00:00,2024-01-28 09:00:00,363,Gold
CUST-0133,6,6255.63,1042.605,33,2023-02-04 09:00:00,2023-05-03 01:00:00,87,Gold
CUST-0839,4,6231.51,1557.8775,18,2023-01-06 14:00:00,2023-12-23 17:00:00,351,Gold
CUST-0701,10,6230.86,623.086,42,2023-01-01 06:00:00,2024-02-17 06:00:00,412,Gold
CUST-0458,6,6221.29,1036.8816666666667,29,2023-02-13 10:00:00,2023-11-13 03:00:00,272,Gold
CUST-0642,8,6207.61,775.95125,36,2023-01-12 21:00:00,2024-02-15 01:00:00,398,Gold
CUST-0186,6,6199.95,1033.325,38,2023-02-04 04:00:00,2024-02-20 21:00:00,381,Gold
CUST-0152,6,6194.74,1032.4566666666667,23,2023-01-16 23:00:00,2024-01-12 04:00:00,360,Gold
CUST-0961,5,6187.67,1237.534,30,2023-01-08 04:00:00,2024-01-25 14:00:00,382,Gold
CUST-0812,4,6155.07,1538.7675,28,2023-02-22 08:00:00,2023-05-12 15:00:00,79,Gold
CUST-0015,8,6146.209999999999,768.2762499999999,22,2023-01-06 10:00:00,2024-01-10 04:00:00,368,Gold
CUST-0280,7,6132.79,876.1128571428571,39,2023-01-13 23:00:00,2023-12-01 01:00:00,321,Gold
CUST-0865,6,6104.610000000001,1017.4350000000001,30,2023-03-04 10:00:00,2023-12-12 14:00:00,283,Gold
CUST-0513,8,6089.95,761.24375,35,2023-01-26 17:00:00,2024-01-20 22:00:00,359,Gold
CUST-0169,5,6030.8,1206.16,19,2023-05-29 03:00:00,2024-02-14 01:00:00,260,Gold
CUST-0860,6,6023.12,1003.8533333333334,27,2023-04-17 00:00:00,2024-02-08 04:00:00,297,Gold
CUST-0799,7,6021.59,860.2271428571429,39,2023-03-07 04:00:00,2024-02-19 13:00:00,349,Gold
CUST-0307,4,6020.99,1505.2475,24,2023-04-18 20:00:00,2024-02-15 09:00:00,302,Gold
CUST-0465,8,6019.72,752.465,31,2023-05-23 16:00:00,2023-12-24 14:00:00,214,Gold
CUST-0927,8,6012.73,751.59125,33,2023-04-05 12:00:00,2024-01-17 17:00:00,287,Gold
CUST-0649,8,5985.65,748.20625,47,2023-04-01 21:00:00,2024-02-03 20:00:00,307,Gold
CUST-0219,4,5983.18,1495.795,31,2023-06-27 20:00:00,2024-01-30 03:00:00,216,Gold
CUST-0980,10,5975.32,597.5319999999999,34,2023-04-24 17:00:00,2023-11-15 16:00:00,204,Gold
CUST-0189,9,5891.37,654.5966666666667,34,2023-01-27 06:00:00,2024-02-07 14:00:00,376,Gold
CUST-0160,10,5883.07,588.307,45,2023-01-09 19:00:00,2023-11-29 11:00:00,323,Gold
CUST-0697,4,5830.05,1457.5125,23,2023-01-27 21:00:00,2024-01-24 22:00:00,362,Gold
CUST-0257,5,5815.5,1163.1,20,2023-02-20 05:00:00,2023-12-17 11:00:00,300,Gold
CUST-0052,4,5798.23,1449.5575,18,2023-09-16 21:00:00,2024-01-23 13:00:00,128,Gold
CUST-0055,6,5786.78,964.4633333333333,35,2023-03-12 13:00:00,2023-08-08 21:00:00,149,Gold
CUST-0565,7,5784.65,826.3785714285714,31,2023-01-04 00:00:00,2024-02-12 04:00:00,404,Gold
CUST-0964,7,5775.46,825.0657142857143,27,2023-03-29 10:00:00,2023-11-03 18:00:00,219,Gold
CUST-0170,7,5726.1,818.0142857142857,36,2023-03-27 04:00:00,2023-10-08 00:00:00,194,Gold
CUST-0821,7,5711.610000000001,815.9442857142858,33,2023-03-02 19:00:00,2023-12-11 03:00:00,283,Gold
CUST-0600,3,5661.0,1887.0,21,2023-08-17 10:00:00,2024-01-05 06:00:00,140,Gold
CUST-0030,7,5618.4,802.6285714285714,26,2023-06-02 16:00:00,2023-11-28 05:00:00,178,Gold
CUST-0515,10,5607.469999999999,560.747,39,2023-04-17 17:00:00,2024-01-31 06:00:00,288,Gold
CUST-0527,7,5603.75,800.5357142857143,44,2023-03-26 10:00:00,2024-02-01 19:00:00,312,Gold
CUST-0677,7,5591.13,798.7328571428571,41,2023-01-11 13:00:00,2023-11-24 07:00:00,316,Gold
CUST-0684,5,5579.68,1115.9360000000001,26,2023-01-07 23:00:00,2024-02-20 13:00:00,408,Gold
CUST-0562,8,5575.18,696.8975,37,2023-01-04 15:00:00,2024-01-16 07:00:00,376,Gold
CUST-0315,7,5547.75,792.5357142857143,32,2023-02-23 17:00:00,2023-12-25 12:00:00,304,Gold
CUST-0643,6,5542.45,923.7416666666667,30,2023-01-08 09:00:00,2024-02-06 21:00:00,394,Gold
CUST-0362,5,5541.34,1108.268,28,2023-05-06 15:00:00,2023-09-17 10:00:00,133,Gold
CUST-0514,9,5529.900000000001,614.4333333333334,26,2023-03-15 12:00:00,2024-02-09 05:00:00,330,Gold
CUST-0197,6,5504.41,917.4016666666666,32,2023-09-03 11:00:00,2024-02-14 23:00:00,164,Gold
CUST-0027,7,5474.88,782.1257142857143,35,2023-01-19 14:00:00,2024-01-16 05:00:00,361,Gold
CUST-0136,5,5424.27,1084.854,24,2023-06-03 00:00:00,2023-12-23 05:00:00,203,Gold
CUST-0200,6,5415.05,902.5083333333333,30,2023-03-23 19:00:00,2024-02-08 01:00:00,321,Gold
CUST-0322,6,5360.86,893.4766666666666,30,2023-02-25 02:00:00,2024-02-10 22:00:00,350,Gold
CUST-0941,6,5341.08,890.18,23,2023-06-06 05:00:00,2024-01-02 07:00:00,210,Gold
CUST-0067,5,5335.5,1067.1,22,2023-02-22 16:00:00,2024-01-06 20:00:00,318,Gold
CUST-0590,7,5333.34,761.9057142857143,31,2023-03-11 21:00:00,2024-02-09 15:00:00,334,Gold
CUST-0552,6,5324.25,887.375,29,2023-03-17 06:00:00,2023-11-06 21:00:00,234,Gold
CUST-0032,6,5309.13,884.855,32,2023-03-11 09:00:00,2024-02-01 18:00:00,327,Gold
CUST-0553,10,5308.12,530.812,33,2023-04-14 12:00:00,2024-02-01 17:00:00,293,Gold
CUST-0782,4,5297.790000000001,1324.4475000000002,22,2023-03-24 18:00:00,2023-12-12 16:00:00,262,Gold
CUST-0636,5,5255.51,1051.102,21,2023-01-25 18:00:00,2024-02-15 20:00:00,386,Gold
CUST-0140,8,5251.54,656.4425,37,2023-02-26 11:00:00,2024-02-09 10:00:00,347,Gold
CUST-0998,6,5244.51,874.085,31,2023-02-25 13:00:00,2023-10-28 22:00:00,245,Gold
CUST-0078,10,5201.61,520.161,43,2023-02-13 14:00:00,2024-02-11 01:00:00,362,Gold
CUST-0647,5,5198.889999999999,1039.7779999999998,31,2023-01-03 12:00:00,2024-02-12 08:00:00,404,Gold
CUST-0635,5,5192.13,1038.426,32,2023-03-04 08:00:00,2023-12-15 17:00:00,286,Gold
CUST-0389,4,5175.44,1293.86,28,2023-02-14 20:00:00,2024-01-15 00:00:00,334,Gold
CUST-0678,6,5162.02,860.3366666666667,21,2023-03-12 06:00:00,2023-11-07 11:00:00,240,Gold
CUST-0038,6,5099.7,849.9499999999999,34,2023-01-19 07:00:00,2023-10-19 02:00:00,272,Gold
CUST-0970,7,5025.72,717.96,30,2023-01-31 10:00:00,2023-12-18 10:00:00,321,Gold
CUST-0462,7,5016.13,716.59,23,2023-01-05 14:00:00,2023-12-02 22:00:00,331,Gold
CUST-0969,5,4943.9,988.78,25,2023-03-08 10:00:00,2023-05-30 10:00:00,83,Silver
CUST-0037,6,4935.49,822.5816666666666,30,2023-01-16 13:00:00,2023-12-29 04:00:00,346,Silver
CUST-0176,5,4903.06,980.6120000000001,20,2023-01-22 17:00:00,2024-02-03 00:00:00,376,Silver
CUST-0538,10,4885.64,488.564,40,2023-01-22 22:00:00,2024-02-08 18:00:00,381,Silver
CUST-0224,9,4868.97,540.9966666666667,42,2023-02-11 23:00:00,2024-01-15 02:00:00,337,Silver
CUST-0034,4,4868.78,1217.195,28,2023-02-14 03:00:00,2023-11-22 23:00:00,281,Silver
CUST-0468,6,4853.52,808.9200000000001,38,2023-02-25 03:00:00,2023-12-26 01:00:00,303,Silver
CUST-0370,7,4828.3099999999995,689.7585714285714,30,2023-01-25 17:00:00,2023-12-27 05:00:00,335,Silver
CUST-0711,6,4723.2300000000005,787.205,22,2023-01-15 04:00:00,2023-12-03 09:00:00,322,Silver
CUST-0505,9,4720.7,524.5222222222222,31,2023-02-07 14:00:00,2023-11-29 23:00:00,295,Silver
CUST-0592,6,4703.92,783.9866666666667,40,2023-03-23 07:00:00,2024-01-11 03:00:00,293,Silver
CUST-0723,4,4684.299999999999,1171.0749999999998,21,2023-03-11 07:00:00,2024-01-03 19:00:00,298,Silver
CUST-0135,5,4671.33,934.266,20,2023-01-07 10:00:00,2024-02-16 23:00:00,405,Silver
CUST-0245,9,4663.57,518.1744444444444,34,2023-03-27 22:00:00,2024-01-01 01:00:00,279,Silver
CUST-0928,9,4643.56,515.9511111111111,38,2023-01-21 09:00:00,2024-01-16 22:00:00,360,Silver
CUST-0339,9,4595.57,510.6188888888889,30,2023-02-05 15:00:00,2024-02-11 03:00:00,370,Silver
CUST-0042,8,4550.45,568.80625,34,2023-02-04 03:00:00,2024-02-21 06:00:00,382,Silver
CUST-0501,7,4546.28,649.4685714285714,30,2023-01-31 18:00:00,2024-01-29 04:00:00,362,Silver
CUST-0614,7,4512.37,644.6242857142857,21,2023-04-30 17:00:00,2023-12-23 18:00:00,237,Silver
CUST-0417,4,4448.7699999999995,1112.1924999999999,13,2023-01-30 13:00:00,2023-10-25 20:00:00,268,Silver
CUST-0773,4,4428.38,1107.095,12,2023-01-07 05:00:00,2023-12-03 20:00:00,330,Silver
CUST-0275,5,4427.84,885.568,25,2023-03-22 17:00:00,2024-02-21 11:00:00,335,Silver
CUST-0451,8,4361.6,545.2,40,2023-02-06 19:00:00,2023-12-23 03:00:00,319,Silver
CUST-0965,6,4359.51,726.585,17,2023-04-03 03:00:00,2023-12-25 02:00:00,265,Silver
CUST-0626,7,4318.57,616.9385714285714,38,2023-01-22 00:00:00,2023-10-22 21:00:00,273,Silver
CUST-0765,4,4313.92,1078.48,17,2023-09-23 04:00:00,2024-02-09 02:00:00,138,Silver
CUST-0801,7,4272.74,610.3914285714285,26,2023-01-18 09:00:00,2024-02-18 08:00:00,395,Silver
CUST-0777,5,4272.49,854.4979999999999,23,2023-01-03 22:00:00,2023-10-17 17:00:00,286,Silver
CUST-0110,5,4218.8,843.76,27,2023-05-18 00:00:00,2024-02-18 21:00:00,276,Silver
CUST-0522,7,4212.389999999999,601.7699999999999,31,2023-01-28 21:00:00,2024-02-15 23:00:00,383,Silver
CUST-0539,4,4209.62,1052.405,24,2023-04-10 00:00:00,2023-05-11 12:00:00,31,Silver
CUST-0904,8,4205.34,525.6675,36,2023-04-18 14:00:00,2023-12-26 10:00:00,251,Silver
CUST-0473,6,4168.02,694.6700000000001,28,2023-01-10 18:00:00,2023-10-24 04:00:00,286,Silver
CUST-0244,6,4095.5699999999997,682.5949999999999,42,2023-01-03 06:00:00,2023-12-13 16:00:00,344,Silver
CUST-0323,7,4070.79,581.5414285714286,34,2023-01-21 13:00:00,2023-12-26 08:00:00,338,Silver
CUST-0430,4,4029.46,1007.365,21,2023-04-09 02:00:00,2023-10-09 19:00:00,183,Silver
CUST-0031,5,4005.26,801.052,24,2023-04-05 03:00:00,2023-12-16 08:00:00,255,Silver
CUST-0174,3,3708.33,1236.11,14,2023-02-05 02:00:00,2023-07-08 20:00:00,153,Silver
CUST-0230,7,3698.63,528.3757142857143,28,2023-01-19 08:00:00,2024-01-14 05:00:00,359,Silver
CUST-0908,6,3687.74,614.6233333333333,23,2023-01-26 13:00:00,2023-12-10 17:00:00,318,Silver
CUST-0158,5,3640.82,728.164,20,2023-01-20 11:00:00,2024-01-25 16:00:00,370,Silver
CUST-0235,10,3630.11,363.011,26,2023-02-04 13:00:00,2023-10-06 05:00:00,243,Silver
CUST-0880,6,3610.69,601.7816666666666,22,2023-02-02 11:00:00,2023-11-15 18:00:00,286,Silver
CUST-0333,6,3459.58,576.5966666666667,22,2023-07-07 18:00:00,2023-12-23 14:00:00,168,Silver
CUST-0555,5,3415.86,683.172,17,2023-07-06 06:00:00,2023-12-25 08:00:00,172,Silver
CUST-0933,7,3316.96,473.8514285714286,35,2023-04-24 21:00:00,2024-01-26 21:00:00,277,Silver
CUST-0475,6,3312.96,552.16,24,2023-01-02 15:00:00,2023-12-07 06:00:00,338,Silver
CUST-0786,3,3308.17,1102.7233333333334,15,2023-04-11 08:00:00,2023-07-31 08:00:00,111,Silver
CUST-0577,4,3252.88,813.22,14,2023-01-30 12:00:00,2023-12-10 02:00:00,313,Silver
CUST-0705,3,3237.12,1079.04,16,2023-03-29 02:00:00,2023-12-28 04:00:00,274,Silver
CUST-0249,5,3177.75,635.55,21,2023-02-16 05:00:00,2024-01-02 04:00:00,319,Silver
CUST-0603,4,3148.79,787.1975,13,2023-06-27 23:00:00,2023-09-12 19:00:00,76,Silver
CUST-0507,7,3108.69,444.09857142857146,20,2023-03-21 11:00:00,2023-12-13 11:00:00,267,Silver
CUST-0255,4,3044.99,761.2475,15,2023-07-01 09:00:00,2023-12-17 08:00:00,168,Silver
CUST-0627,5,2957.0,591.4,27,2023-03-05 09:00:00,2024-02-01 09:00:00,333,Silver
CUST-0243,6,2920.0299999999997,486.6716666666666,23,2023-01-09 22:00:00,2023-12-07 15:00:00,331,Silver
CUST-0437,8,2890.29,361.28625,29,2023-02-13 04:00:00,2023-12-06 13:00:00,296,Silver
CUST-0062,6,2831.39,471.8983333333333,13,2023-02-02 09:00:00,2023-10-01 01:00:00,240,Silver
CUST-0486,5,2826.25,565.25,32,2023-06-21 04:00:00,2023-10-20 14:00:00,121,Silver
CUST-0719,4,2822.89,705.7225,9,2023-02-20 11:00:00,2023-09-27 14:00:00,219,Silver
CUST-0585,4,2808.85,702.2125,20,2023-03-29 05:00:00,2023-11-05 03:00:00,220,Silver
CUST-0545,1,2800.5,2800.5,6,2023-01-30 04:00:00,2023-01-30 04:00:00,0,Silver
CUST-0265,8,2727.32,340.915,35,2023-02-03 00:00:00,2024-02-05 13:00:00,367,Silver
CUST-0064,6,2711.8700000000003,451.9783333333334,20,2023-04-13 11:00:00,2023-12-30 14:00:00,261,Silver
CUST-0077,4,2641.9900000000002,660.4975000000001,19,2023-05-09 08:00:00,2023-12-08 19:00:00,213,Silver
CUST-0809,3,2595.4700000000003,865.1566666666668,20,2023-04-17 19:00:00,2023-11-15 06:00:00,211,Silver
CUST-0142,5,2562.44,512.488,17,2023-03-28 17:00:00,2023-12-03 07:00:00,249,Silver
CUST-0543,5,2492.89,498.578,19,2023-02-24 19:00:00,2024-01-25 15:00:00,334,Silver
CUST-0351,4,2477.5,619.375,9,2023-05-05 15:00:00,2023-11-01 18:00:00,180,Silver
CUST-0409,4,2444.08,611.02,13,2023-02-07 18:00:00,2023-12-05 05:00:00,300,Silver
CUST-0931,4,2389.67,597.4175,19,2023-05-17 07:00:00,2023-10-12 14:00:00,148,Silver
CUST-0240,2,2315.13,1157.565,8,2023-07-08 09:00:00,2023-08-31 19:00:00,54,Silver
CUST-0347,4,1970.3100000000002,492.57750000000004,12,2023-03-09 07:00:00,2023-12-31 23:00:00,297,Silver
CUST-0319,6,1928.35,321.39166666666665,30,2023-02-27 15:00:00,2023-12-25 14:00:00,300,Silver
CUST-0671,2,1914.02,957.01,7,2023-09-27 09:00:00,2023-11-30 13:00:00,64,Silver
CUST-0297,3,1785.22,595.0733333333334,17,2023-03-07 11:00:00,2024-01-02 01:00:00,300,Silver
CUST-0080,2,1606.1399999999999,803.0699999999999,12,2023-02-08 08:00:00,2023-05-20 23:00:00,101,Silver
CUST-0258,5,1423.73,284.746,13,2023-01-29 16:00:00,2024-02-19 19:00:00,386,Silver
CUST-0024,2,1116.12,558.06,6,2023-04-20 03:00:00,2024-01-15 18:00:00,270,Silver
CUST-0717,4,1022.48,255.62,16,2023-02-13 20:00:00,2023-11-05 18:00:00,264,Silver
CUST-0706,2,918.48,459.24,5,2023-01-18 00:00:00,2023-12-06 17:00:00,322,Bronze
